Year,Datetime,Stage,Home Team Name,Home Team Goals,Away Team Goals,Away Team Name,Attendance,Half-time Home Goals,Half-time Away Goals,Referee,Assistant 1,Assistant 2,Home Team Initials,Away Team Initials,Home Coach Name,Home Player 1,Home Player 2,Home Player 3,Home Player 4,Home Player 5,Home Player 6,Home Player 7,Home Player 8,Home Player 9,Home Player 10,Home Player 11,Away Coach Name,Away Player 1,Away Player 2,Away Player 3,Away Player 4,Away Player 5,Away Player 6,Away Player 7,Away Player 8,Away Player 9,Away Player 10,Away Player 11,Home Player 1 Stats,Home Player 2 Stats,Home Player 3 Stats,Home Player 4 Stats,Home Player 5 Stats,Home Player 6 Stats,Home Player 7 Stats,Home Player 8 Stats,Home Player 9 Stats,Home Player 10 Stats,Home Player 11 Stats,Away Player 1 Stats,Away Player 2 Stats,Away Player 3 Stats,Away Player 4 Stats,Away Player 5 Stats,Away Player 6 Stats,Away Player 7 Stats,Away Player 8 Stats,Away Player 9 Stats,Away Player 10 Stats,Away Player 11 Stats
2010.0,11 Jun 2010 - 16:00 ,Group A,South Africa,1.0,1.0,Mexico,84490.0,0.0,0.0,Ravshan IRMATOV (UZB),ILYASOV Rafael (UZB),KOCHKAROV Bakhadyr (KGZ),RSA,MEX,PARREIRA Carlos Alberto (BRA),Lucas RADEBE,RADEBE,KHUNE,JOSEPHS,RADEBE,RADEBE,JOSEPHS,JOSEPHS,Lucas RADEBE,Lucas RADEBE,PARREIRA Carlos Alberto (BRA),Javier AGUIRRE (MEX),Horacio CASARIN,Gustavo PENA,Arturo VAZQUEZ,Pedro SOTO,CAMPOS,Alberto GARCIA ASPE,O. PEREZ,R. MARQUEZ,G TORRADO,C BLANCO,R MARQUEZ,82,65,77,65,65,65,65,65,82,82,77,67,80,63,84,76,81,83,91,90,94,94
2010.0,11 Jun 2010 - 20:30 ,Group A,Uruguay,0.0,0.0,France,64100.0,0.0,0.0,NISHIMURA Yuichi (JPN),SAGARA Toru (JPN),JEONG Hae Sang (KOR),URU,FRA,TABAREZ Oscar (URU),Obdulio VARELA,Horacio TROCHE,Pedro ROCHA,Luis UBINA,Enzo FRANCESCOLI,F.CARINI,P.MONTERO,LUGANO,FORLAN,D. LUGANO,D. GODIN,DOMENECH Raymond (FRA),Jean Paul BERTRAND DEMANES,Michel PLATINI,Didier DESCHAMPS,ZIDANE,VIEIRA,EVRA,A. DIARRA,Didier DESCHAMPS,Didier DESCHAMPS,Didier DESCHAMPS,Jean Paul BERTRAND DEMANES,77,65,84,79,71,65,65,65,65,88,88,81,76,65,64,71,80,89,65,65,65,81
2010.0,12 Jun 2010 - 13:30 ,Group B,Korea Republic,2.0,0.0,Greece,31513.0,1.0,0.0,HESTER Michael (NZL),HINTZ Jan Hendrik (NZL),MAKASINI Tevita (TGA),KOR,GRE,HONG Myungbo (KOR),PARK Chang Sun,CHOI In Young,LEE Woonjae,KIM B. J.,YOO S. C.,M B HONG,JISUNG,J C KOO,LEE Woonjae,JISUNG,JISUNG,SANTOS Fernando (POR),Tassos MITROPOULOS,KARAGOUNIS,KATSOURANIS,KARNEZIS,GLYKOS,KARAGOUNIS,GLYKOS,SANTOS Fernando (POR),KARAGOUNIS,Tassos MITROPOULOS,Tassos MITROPOULOS,78,89,77,88,89,93,65,94,77,65,65,65,63,65,82,71,63,71,81,63,65,65
2010.0,12 Jun 2010 - 16:00 ,Group B,Argentina,1.0,0.0,Nigeria,55686.0,1.0,0.0,Wolfgang STARK (GER),SALVER Jan-Hendrik (GER),PICKEL Mike (GER),ARG,NGA,SABELLA Alejandro (ARG),Ruben NAVARRO,Antonio RATTIN,Roberto PERFUMO,Miguel BRINDISI,Daniel PASSARELLA,Diego MARADONA,Nery PUMPIDO,Diego SIMEONE,Carlos ROA,VERON,BATISTUTA,KESHI Stephen (NGA),Stephen KESHI,UCHE,ENYEAMA,KANU,YOBO,UCHE,KANU,KANU,KANU,KANU,KANU,78,80,83,78,80,86,65,86,76,67,65,74,76,80,74,65,76,74,74,74,74,74
2010.0,12 Jun 2010 - 20:30 ,Group C,England,1.0,1.0,USA,38646.0,1.0,1.0,SIMON Carlos (BRA),HAUSMANN Altemir (BRA),BRAATZ Roberto (BRA),ENG,USA,CAPELLO Fabio (ITA),Bryan ROBSON,Terry BUTCHER,Alan SHEARER,David SEAMAN,BECKHAM,ROBINSON,GERRARD,GERRARD,CAPELLO Fabio (ITA),CAPELLO Fabio (ITA),Terry BUTCHER,KLINSMANN Juergen (GER),Tom FLORIE,Tony MEOLA,Michael WINDISCHMANN,Thomas DOOLEY,STEWART,FRIEDEL,REYNA,BOCANEGRA,DEMPSEY,Tony MEOLA,Tony MEOLA,73,78,78,87,65,69,65,65,67,67,78,76,71,65,80,72,65,70,74,78,71,71
2010.0,13 Jun 2010 - 13:30 ,Group C,Algeria,0.0,1.0,Slovenia,30325.0,0.0,0.0,BATRES Carlos (GUA),LEAL Leonel (CRC),PASTRANA Carlos (HON),ALG,SVN,HALILHODZIC Vahid (BIH),Nasser DRID,YAHIA,BOUGUERRA,HALLICHE,Nasser DRID,Nasser DRID,BOUGUERRA,HALILHODZIC Vahid (BIH),HALLICHE,Nasser DRID,HALILHODZIC Vahid (BIH),KEK Matjaz (SVN),CEH A.,KOREN,CEH A.,CEH A.,CEH A.,CEH A.,CEH A.,CEH A.,CEH A.,CEH A.,CEH A.,72,72,65,71,72,72,65,65,71,72,65,89,65,89,89,89,89,89,89,89,89,89
2010.0,13 Jun 2010 - 16:00 ,Group D,Serbia,0.0,1.0,Ghana,38833.0,0.0,0.0,BALDASSI Hector (ARG),CASAS Ricardo (ARG),MAIDANA Hernan (ARG),SRB,GHA,coach,coach,coach,coach,coach,coach,coach,coach,coach,coach,coach,coach,APPIAH James (GHA),S. APPIAH,MENSAH,A. GYAN,MENSAH,MENSAH,MENSAH,MENSAH,MENSAH,A. GYAN,MENSAH,MENSAH,65,65,65,65,65,65,65,65,65,65,65,89,76,89,76,76,76,76,76,89,76,76
2010.0,13 Jun 2010 - 20:30 ,Group D,Germany,4.0,0.0,Australia,62660.0,2.0,0.0,RODRIGUEZ Marco (MEX),CAMARGO Jose Luis (MEX),MORIN Alberto (MEX),GER,AUS,LOEW Joachim (GER),MATTH�US,Juergen KLINSMANN,KAHN,SCHNEIDER,BALLACK,LAHM,MATTH�US,KAHN,LAHM,LOEW Joachim (GER),KAHN,POSTECOGLOU Ange (AUS),NEILL,JEDINAK,POSTECOGLOU Ange (AUS),NEILL,NEILL,JEDINAK,JEDINAK,NEILL,JEDINAK,POSTECOGLOU Ange (AUS),NEILL,65,61,65,83,65,65,65,65,65,65,65,68,65,75,68,68,65,65,68,65,75,68
2010.0,14 Jun 2010 - 13:30 ,Group E,Netherlands,2.0,0.0,Denmark,83465.0,0.0,0.0,St�phane LANNOY (FRA),DANSAULT Eric (FRA),UGO Laurent (FRA),NED,DEN,Louis VAN GAAL (NED),Johan CRUYFF,Piet SCHRIJVERS,Ruud KROL,Ruud GULLIT,Ronald KOEMAN,V. BRONCKHORST,STEKELENBURG,V. PERSIE,CILLESSEN,VORM,KRUL,OLSEN Morten (DEN),Peter SCHMEICHEL,LAUDRUP M.,HEINTZE,S�RENSEN,TOMASSON,Peter SCHMEICHEL,Peter SCHMEICHEL,Peter SCHMEICHEL,LAUDRUP M.,Peter SCHMEICHEL,S�RENSEN,74,75,71,71,94,85,75,85,81,79,77,83,92,65,65,65,83,83,83,92,83,65
2010.0,14 Jun 2010 - 16:00 ,Group E,Japan,1.0,0.0,Cameroon,30620.0,1.0,0.0,Oleg�rio BENQUEREN�A (POR),CARDINAL Jose (POR),MIRANDA Bertino (POR),JPN,CMR,OKADA Takeshi (JPN),Masami IHARA,MORIOKA,MIYAMOTO,KAWAGUCHI,HASEBE,OKADA Takeshi (JPN),KAWAGUCHI,MORIOKA,MIYAMOTO,OKADA Takeshi (JPN),OKADA Takeshi (JPN),Paul LE GUEN (FRA),Thomas NKONO,Stephen TATAW,SONGO'O,Francois OMAM-BIYIK,SONG,ETO'O,SONG,SONG,Paul LE GUEN (FRA),SONG,SONG,64,68,65,54,77,65,54,68,65,65,65,80,74,62,53,77,81,77,77,91,77,77
2010.0,14 Jun 2010 - 20:30 ,Group F,Italy,1.0,1.0,Paraguay,62869.0,0.0,1.0,ARCHUNDIA Benito (MEX),VERGARA Hector (CAN),TORRENTERA Marvin (MEX),ITA,PAR,LIPPI Marcello (ITA),Giuseppe MEAZZA,Riccardo CARAPELLESE,Giampiero BONIPERTI,Egisto PANDOLFINI,Gaetano SCIREA,PAGLIUCA,Franco BARESI,MALDINI,BUFFON,MARCHETTI,CANNAVARO,RUIZ LEITES Anibal (URU),Luis VARGAS PENA,Cesar LOPEZ FRETES,Juan AGUERO,CHILAVERT,TAVARELLI,VILLAR,GAMARRA,RUIZ LEITES Anibal (URU),Cesar LOPEZ FRETES,VILLAR,Cesar LOPEZ FRETES,65,65,65,65,65,65,68,65,89,80,75,79,76,84,65,65,74,72,78,76,74,76
2010.0,15 Jun 2010 - 13:30 ,Group F,New Zealand,1.0,1.0,Slovakia,23871.0,0.0,0.0,DAMON Jerome (RSA),NTAGUNGIRA Celestin (RWA),MOLEFE Enock (RSA),NZL,SVK,HERBERT Ricki (NZL),Steve SUMNER,NELSEN,NELSEN,HERBERT Ricki (NZL),Steve SUMNER,NELSEN,Steve SUMNER,NELSEN,NELSEN,HERBERT Ricki (NZL),NELSEN,WEISS Vladimir (SVK),MUCHA,HAMSIK,MUCHA,MUCHA,WEISS Vladimir (SVK),HAMSIK,WEISS Vladimir (SVK),WEISS Vladimir (SVK),WEISS Vladimir (SVK),HAMSIK,HAMSIK,68,65,65,65,68,65,68,65,65,65,65,70,65,70,70,58,65,58,58,58,65,65
2010.0,15 Jun 2010 - 16:00 ,Group G,C�te d'Ivoire,0.0,0.0,Portugal,37034.0,0.0,0.0,LARRIONDA Jorge (URU),FANDINO Pablo (URU),ESPINOSA Mauricio (URU),CIV,POR,MICHEL Henri (FRA),DROGBA,DOMORAUD,MICHEL Henri (FRA),DOMORAUD,MICHEL Henri (FRA),MICHEL Henri (FRA),MICHEL Henri (FRA),MICHEL Henri (FRA),DROGBA,DOMORAUD,DOMORAUD,PAULO BENTO (POR),MARIO COLUNA,GOMES,FIGO,RICARDO,PAULETA,RONALDO,BETO,EDUARDO,RONALDO,PAULO BENTO (POR),PAULO BENTO (POR),65,67,77,67,77,77,77,77,65,67,67,81,82,67,80,65,94,76,76,94,78,78
2010.0,15 Jun 2010 - 20:30 ,Group G,Brazil,2.0,1.0,Korea DPR,54331.0,0.0,0.0,KASSAI Viktor (HUN),EROS Gabor (HUN),VAMOS Tibor (HUN),BRA,PRK,SCOLARI Luiz Felipe (BRA),PREGUINHO,LEONIDAS,WILSON PIAZZA,MARINHO PERES,WALDIR PERES,EDINHO,RICARDO GOMES,RAI,DUNGA,CAFU,DIDA,KIM Jong Hun (PRK),PAK Seung Zin,H. YONG JO,PAK Seung Zin,H. YONG JO,PAK Seung Zin,PAK Seung Zin,PAK Seung Zin,H. YONG JO,H. YONG JO,PAK Seung Zin,PAK Seung Zin,65,65,76,78,78,73,82,77,65,65,80,81,88,81,88,81,81,81,88,88,81,81
2010.0,16 Jun 2010 - 13:30 ,Group H,Honduras,0.0,1.0,Chile,32664.0,0.0,1.0,MAILLET Eddy (SEY),MENKOUANDE Evarist (CMR),HASSANI Bechir (TUN),HON,CHI,SUAREZ Luis (COL),Ramon MARADIAGA,GUEVARRA,VALLADARES,SUAREZ Luis (COL),SUAREZ Luis (COL),Ramon MARADIAGA,SUAREZ Luis (COL),GUEVARRA,GUEVARRA,SUAREZ Luis (COL),SUAREZ Luis (COL),ACOSTA Nelson (URU),Guillermo SUBIABRE,Jorge TORO,Francisco VALDES,Ivan ZAMORANO,Nelson TAPIA,Ivan ZAMORANO,Jorge TORO,Ivan ZAMORANO,Ivan ZAMORANO,Guillermo SUBIABRE,Guillermo SUBIABRE,71,65,65,79,79,71,79,65,65,79,79,70,78,75,82,72,82,78,82,82,70,70
2010.0,16 Jun 2010 - 16:00 ,Group H,Spain,0.0,1.0,Switzerland,62453.0,0.0,0.0,WEBB Howard (ENG),Darren CANN (ENG),MULLARKEY Michael (ENG),ESP,SUI,DEL BOSQUE Vicente (ESP),ZARRA,Juan Manuel ASENSI,Jose Antonio CAMACHO,Emilio BUTRAGUENO,NADAL,ZUBIZARRETA,HIERRO,RAUL,I. CASILLAS,RAMOS,ZUBIZARRETA,HITZFELD Ottmar (GER),Marco PASCOLO,VOGEL,BENAGLIO,FREI,FREI,Marco PASCOLO,HITZFELD Ottmar (GER),BENAGLIO,HITZFELD Ottmar (GER),BENAGLIO,Marco PASCOLO,65,84,81,74,64,65,65,74,87,90,65,84,65,77,76,76,84,65,77,65,77,84
2010.0,16 Jun 2010 - 20:30 ,Group A,South Africa,0.0,3.0,Uruguay,42658.0,0.0,1.0,BUSACCA Massimo (SUI),ARNET Matthias (SUI),BURAGINA Francesco (SUI),RSA,URU,PARREIRA Carlos Alberto (BRA),Lucas RADEBE,RADEBE,KHUNE,JOSEPHS,PARREIRA Carlos Alberto (BRA),PARREIRA Carlos Alberto (BRA),JOSEPHS,PARREIRA Carlos Alberto (BRA),KHUNE,JOSEPHS,Lucas RADEBE,TABAREZ Oscar (URU),Obdulio VARELA,Horacio TROCHE,Pedro ROCHA,Luis UBINA,Juan MASNIK,Jorge BARRIOS,Fernando ALVEZ,Enzo FRANCESCOLI,F.CARINI,P.MONTERO,FORLAN,82,65,77,65,77,77,65,77,77,65,82,77,65,84,79,84,78,81,71,65,65,65
2010.0,17 Jun 2010 - 13:30 ,Group B,Argentina,4.0,1.0,Korea Republic,82174.0,2.0,1.0,DE BLEECKERE Frank (BEL),HERMANS Peter (BEL),VROMANS Walter (BEL),ARG,KOR,SABELLA Alejandro (ARG),Roberto PERFUMO,Miguel BRINDISI,Daniel PASSARELLA,Nery PUMPIDO,Oscar RUGGERI,Carlos ROA,VERON,BATISTUTA,SORIN,ABBONDANZIERI,MESSI,HONG Myungbo (KOR),PARK Chang Sun,CHOI In Young,LEE Woonjae,KIM B. J.,YOO S. C.,M B HONG,JISUNG,J C KOO,HONG Myungbo (KOR),LEE Woonjae,JISUNG,83,78,80,65,83,76,67,65,65,65,93,78,89,77,88,89,93,65,94,74,77,65
2010.0,17 Jun 2010 - 16:00 ,Group B,Greece,2.0,1.0,Nigeria,31593.0,1.0,1.0,RUIZ Oscar (COL),GONZALEZ Abraham (COL),CLAVIJO Humberto (COL),GRE,NGA,SANTOS Fernando (POR),Tassos MITROPOULOS,KARAGOUNIS,KATSOURANIS,KARNEZIS,GLYKOS,KARNEZIS,KARNEZIS,KARAGOUNIS,GLYKOS,KARNEZIS,Tassos MITROPOULOS,KESHI Stephen (NGA),Stephen KESHI,UCHE,ENYEAMA,KANU,YOBO,YOBO,KESHI Stephen (NGA),KESHI Stephen (NGA),YOBO,YOBO,YOBO,65,63,65,82,71,82,82,63,71,82,65,74,76,80,74,65,65,74,74,65,65,65
2010.0,17 Jun 2010 - 20:30 ,Group A,France,0.0,2.0,Mexico,35370.0,0.0,0.0,AL GHAMDI Khalil (KSA),KAMRANIFAR Hassan (IRN),AL MARZOUQI Saleh (UAE),FRA,MEX,DOMENECH Raymond (FRA),Jean Paul BERTRAND DEMANES,Michel PLATINI,Didier DESCHAMPS,ZIDANE,VIEIRA,EVRA,A. DIARRA,A. DIARRA,A. DIARRA,Didier DESCHAMPS,A. DIARRA,Javier AGUIRRE (MEX),Horacio CASARIN,Gustavo PENA,Arturo VAZQUEZ,Jose REYES,CAMPOS,Alberto GARCIA ASPE,O. PEREZ,R. MARQUEZ,G TORRADO,C BLANCO,R MARQUEZ,81,76,65,64,71,80,89,89,89,65,89,67,80,63,77,76,81,83,91,90,94,94
2010.0,18 Jun 2010 - 13:30 ,Group D,Germany,0.0,1.0,Serbia,38294.0,0.0,1.0,Alberto UNDIANO MALLENCO (ESP),MARTINEZ Fermin (ESP),YUSTE Juan (ESP),GER,SRB,LOEW Joachim (GER),MATTH�US,Juergen KLINSMANN,KAHN,SCHNEIDER,BALLACK,LAHM,SCHNEIDER,SCHNEIDER,SCHNEIDER,Juergen KLINSMANN,SCHNEIDER,coach,coach,coach,coach,coach,coach,coach,coach,coach,coach,coach,coach,65,61,65,83,65,65,83,83,83,61,83,65,65,65,65,65,65,65,65,65,65,65
2010.0,18 Jun 2010 - 16:00 ,Group C,Slovenia,2.0,2.0,USA,45573.0,2.0,0.0,Koman COULIBALY (MLI),ACHIK Redouane (MAR),MANUEL CANDIDO Inacio (ANG),SVN,USA,KEK Matjaz (SVN),CEH A.,KOREN,KOREN,KOREN,KOREN,KOREN,KOREN,KOREN,KOREN,KOREN,KOREN,KLINSMANN Juergen (GER),Tom FLORIE,Tony MEOLA,Michael WINDISCHMANN,Thomas DOOLEY,STEWART,FRIEDEL,REYNA,BOCANEGRA,DEMPSEY,Tom FLORIE,Michael WINDISCHMANN,89,65,65,65,65,65,65,65,65,65,65,76,71,65,80,72,65,70,74,78,76,65
2010.0,18 Jun 2010 - 20:30 ,Group C,England,0.0,0.0,Algeria,64100.0,0.0,0.0,Ravshan IRMATOV (UZB),ILYASOV Rafael (UZB),KOCHKAROV Bakhadyr (KGZ),ENG,ALG,CAPELLO Fabio (ITA),Bryan ROBSON,Terry BUTCHER,Alan SHEARER,David SEAMAN,BECKHAM,ROBINSON,GERRARD,Alan SHEARER,Alan SHEARER,GERRARD,BECKHAM,HALILHODZIC Vahid (BIH),Nasser DRID,YAHIA,BOUGUERRA,HALLICHE,HALLICHE,BOUGUERRA,HALLICHE,Nasser DRID,YAHIA,YAHIA,YAHIA,73,78,78,87,65,69,65,78,78,65,65,72,72,65,71,71,65,71,72,72,72,72
2010.0,19 Jun 2010 - 13:30 ,Group E,Netherlands,1.0,0.0,Japan,62010.0,0.0,0.0,BALDASSI Hector (ARG),CASAS Ricardo (ARG),MAIDANA Hernan (ARG),NED,JPN,Louis VAN GAAL (NED),Johan CRUYFF,Piet SCHRIJVERS,Jan JONGBLOED,Ruud GULLIT,Ronald KOEMAN,V. BRONCKHORST,STEKELENBURG,V. PERSIE,CILLESSEN,VORM,KRUL,OKADA Takeshi (JPN),Masami IHARA,MORIOKA,MIYAMOTO,KAWAGUCHI,HASEBE,HASEBE,HASEBE,MIYAMOTO,HASEBE,KAWAGUCHI,Masami IHARA,74,75,85,71,94,85,75,85,81,79,77,64,68,65,54,77,77,77,65,77,54,64
2010.0,19 Jun 2010 - 16:00 ,Group D,Ghana,1.0,1.0,Australia,34812.0,1.0,1.0,ROSETTI Roberto (ITA),CALCAGNO Paolo (ITA),AYROLDI Stefano (ITA),GHA,AUS,APPIAH James (GHA),S. APPIAH,MENSAH,A. GYAN,MENSAH,A. GYAN,APPIAH James (GHA),APPIAH James (GHA),MENSAH,MENSAH,MENSAH,APPIAH James (GHA),POSTECOGLOU Ange (AUS),NEILL,JEDINAK,NEILL,JEDINAK,NEILL,POSTECOGLOU Ange (AUS),JEDINAK,NEILL,NEILL,NEILL,POSTECOGLOU Ange (AUS),89,76,89,76,89,73,73,76,76,76,73,68,65,68,65,68,75,65,68,68,68,75
2010.0,19 Jun 2010 - 20:30 ,Group E,Cameroon,1.0,2.0,Denmark,38074.0,1.0,1.0,LARRIONDA Jorge (URU),FANDINO Pablo (URU),ESPINOSA Mauricio (URU),CMR,DEN,Paul LE GUEN (FRA),Thomas NKONO,Stephen TATAW,SONGO'O,Francois OMAM-BIYIK,SONG,ETO'O,SONGO'O,Stephen TATAW,Stephen TATAW,Paul LE GUEN (FRA),Stephen TATAW,OLSEN Morten (DEN),Peter SCHMEICHEL,LAUDRUP M.,HEINTZE,S�RENSEN,TOMASSON,HEINTZE,HEINTZE,HEINTZE,TOMASSON,HEINTZE,TOMASSON,80,74,62,53,77,81,62,74,74,91,74,83,92,65,65,65,65,65,65,65,65,65
2010.0,20 Jun 2010 - 13:30 ,Group F,Slovakia,0.0,2.0,Paraguay,26643.0,0.0,1.0,MAILLET Eddy (SEY),MENKOUANDE Evarist (CMR),HASSANI Bechir (TUN),SVK,PAR,WEISS Vladimir (SVK),MUCHA,HAMSIK,MUCHA,MUCHA,MUCHA,HAMSIK,WEISS Vladimir (SVK),WEISS Vladimir (SVK),MUCHA,WEISS Vladimir (SVK),HAMSIK,RUIZ LEITES Anibal (URU),Luis VARGAS PENA,Cesar LOPEZ FRETES,Juan AGUERO,CHILAVERT,TAVARELLI,VILLAR,GAMARRA,GAMARRA,GAMARRA,Cesar LOPEZ FRETES,GAMARRA,70,65,70,70,70,65,58,58,70,58,65,79,76,84,65,65,74,72,72,72,76,72
2010.0,20 Jun 2010 - 16:00 ,Group F,Italy,1.0,1.0,New Zealand,38229.0,1.0,1.0,BATRES Carlos (GUA),LEAL Leonel (CRC),PASTRANA Carlos (HON),ITA,NZL,LIPPI Marcello (ITA),Giuseppe MEAZZA,Riccardo CARAPELLESE,Giampiero BONIPERTI,Gaetano SCIREA,PAGLIUCA,Franco BARESI,MALDINI,Paolo MALDINI,BUFFON,MARCHETTI,CANNAVARO,HERBERT Ricki (NZL),Steve SUMNER,NELSEN,Steve SUMNER,Steve SUMNER,Steve SUMNER,Steve SUMNER,Steve SUMNER,Steve SUMNER,Steve SUMNER,Steve SUMNER,Steve SUMNER,65,65,65,65,65,68,65,66,89,80,75,68,65,68,68,68,68,68,68,68,68,68
2010.0,20 Jun 2010 - 20:30 ,Group G,Brazil,3.0,1.0,C�te d'Ivoire,84455.0,1.0,0.0,St�phane LANNOY (FRA),DANSAULT Eric (FRA),UGO Laurent (FRA),BRA,CIV,SCOLARI Luiz Felipe (BRA),PREGUINHO,CARLOS ALBERTO,MARINHO PERES,SOCRATES,WALDIR PERES,RICARDO GOMES,RAI,DUNGA,CAFU,DIDA,R. CENI,MICHEL Henri (FRA),DROGBA,DOMORAUD,MICHEL Henri (FRA),DROGBA,DROGBA,DROGBA,DROGBA,DROGBA,MICHEL Henri (FRA),DROGBA,MICHEL Henri (FRA),65,77,78,65,78,82,77,65,65,80,91,65,67,77,65,65,65,65,65,77,65,77
2010.0,21 Jun 2010 - 13:30 ,Group G,Portugal,7.0,0.0,Korea DPR,63644.0,1.0,0.0,POZO Pablo (CHI),BASUALTO Patricio (CHI),MONDRIA Francisco (CHI),POR,PRK,PAULO BENTO (POR),MARIO COLUNA,GOMES,FIGO,RICARDO,PAULETA,RONALDO,BETO,EDUARDO,PAULO BENTO (POR),RICARDO,RICARDO,KIM Jong Hun (PRK),PAK Seung Zin,H. YONG JO,H. YONG JO,PAK Seung Zin,H. YONG JO,PAK Seung Zin,H. YONG JO,H. YONG JO,KIM Jong Hun (PRK),H. YONG JO,H. YONG JO,81,82,67,80,65,94,76,76,78,80,80,81,88,88,81,88,81,88,88,81,88,88
2010.0,21 Jun 2010 - 16:00 ,Group H,Chile,1.0,0.0,Switzerland,34872.0,0.0,0.0,AL GHAMDI Khalil (KSA),KAMRANIFAR Hassan (IRN),AL MARZOUQI Saleh (UAE),CHI,SUI,ACOSTA Nelson (URU),Guillermo SUBIABRE,Jorge TORO,Francisco VALDES,Ivan ZAMORANO,Nelson TAPIA,Jorge TORO,Ivan ZAMORANO,Jorge TORO,Jorge TORO,Francisco VALDES,Francisco VALDES,HITZFELD Ottmar (GER),Marco PASCOLO,VOGEL,BENAGLIO,FREI,VOGEL,FREI,VOGEL,HITZFELD Ottmar (GER),FREI,FREI,HITZFELD Ottmar (GER),70,78,75,82,72,78,82,78,78,75,75,84,65,77,76,65,76,65,65,76,76,65
2010.0,21 Jun 2010 - 20:30 ,Group H,Spain,2.0,0.0,Honduras,54386.0,1.0,0.0,NISHIMURA Yuichi (JPN),SAGARA Toru (JPN),JEONG Hae Sang (KOR),ESP,HON,DEL BOSQUE Vicente (ESP),ZARRA,Juan Manuel ASENSI,Jose Antonio CAMACHO,Emilio BUTRAGUENO,NADAL,ZUBIZARRETA,HIERRO,RAUL,I. CASILLAS,RAMOS,Jose Antonio CAMACHO,SUAREZ Luis (COL),Ramon MARADIAGA,GUEVARRA,VALLADARES,GUEVARRA,Ramon MARADIAGA,GUEVARRA,GUEVARRA,GUEVARRA,VALLADARES,VALLADARES,GUEVARRA,65,84,81,74,64,65,65,74,87,90,81,71,65,65,65,71,65,65,65,65,65,65
2010.0,22 Jun 2010 - 16:00 ,Group A,Mexico,0.0,1.0,Uruguay,33425.0,0.0,1.0,KASSAI Viktor (HUN),EROS Gabor (HUN),VAMOS Tibor (HUN),MEX,URU,Javier AGUIRRE (MEX),Horacio CASARIN,Gustavo PENA,Arturo VAZQUEZ,Jose REYES,Pedro SOTO,CAMPOS,Alberto GARCIA ASPE,O. PEREZ,R. MARQUEZ,G TORRADO,R MARQUEZ,TABAREZ Oscar (URU),Obdulio VARELA,Pedro ROCHA,Luis UBINA,Jorge BARRIOS,Fernando ALVEZ,Enzo FRANCESCOLI,F.CARINI,P.MONTERO,FORLAN,D. LUGANO,F. MUSLERA,67,80,63,77,84,76,81,83,91,90,94,77,84,79,78,81,71,65,65,65,88,86
2010.0,22 Jun 2010 - 16:00 ,Group A,France,1.0,2.0,South Africa,39415.0,0.0,2.0,RUIZ Oscar (COL),GONZALEZ Abraham (COL),CLAVIJO Humberto (COL),FRA,RSA,DOMENECH Raymond (FRA),Jean Paul BERTRAND DEMANES,Michel PLATINI,Didier DESCHAMPS,ZIDANE,VIEIRA,EVRA,A. DIARRA,Michel PLATINI,DOMENECH Raymond (FRA),DOMENECH Raymond (FRA),Didier DESCHAMPS,PARREIRA Carlos Alberto (BRA),Lucas RADEBE,RADEBE,KHUNE,JOSEPHS,Lucas RADEBE,JOSEPHS,Lucas RADEBE,KHUNE,PARREIRA Carlos Alberto (BRA),KHUNE,Lucas RADEBE,81,76,65,64,71,80,89,76,65,65,65,82,65,77,65,82,65,82,77,77,77,82
2010.0,22 Jun 2010 - 20:30 ,Group B,Nigeria,2.0,2.0,Korea Republic,61874.0,1.0,1.0,Oleg�rio BENQUEREN�A (POR),CARDINAL Jose (POR),MIRANDA Bertino (POR),NGA,KOR,KESHI Stephen (NGA),Stephen KESHI,UCHE,ENYEAMA,KANU,YOBO,ENYEAMA,ENYEAMA,KANU,ENYEAMA,KANU,KANU,HONG Myungbo (KOR),PARK Chang Sun,CHOI In Young,LEE Woonjae,KIM B. J.,YOO S. C.,M B HONG,JISUNG,J C KOO,KIM B. J.,M B HONG,LEE Woonjae,74,76,80,74,65,80,80,74,80,74,74,78,89,77,88,89,93,65,94,88,93,77
2010.0,22 Jun 2010 - 20:30 ,Group B,Greece,0.0,2.0,Argentina,38891.0,0.0,0.0,Ravshan IRMATOV (UZB),ILYASOV Rafael (UZB),KOCHKAROV Bakhadyr (KGZ),GRE,ARG,SANTOS Fernando (POR),Tassos MITROPOULOS,KARAGOUNIS,KATSOURANIS,KARNEZIS,GLYKOS,KATSOURANIS,Tassos MITROPOULOS,Tassos MITROPOULOS,KATSOURANIS,KATSOURANIS,KATSOURANIS,SABELLA Alejandro (ARG),Ruben NAVARRO,Antonio RATTIN,Roberto PERFUMO,Miguel BRINDISI,Daniel PASSARELLA,Diego MARADONA,Nery PUMPIDO,Sergio GOYCOCHEA,VERON,BATISTUTA,MASCHERANO,65,63,65,82,71,65,65,65,65,65,65,78,80,83,78,80,86,65,90,67,65,83
2010.0,23 Jun 2010 - 16:00 ,Group C,Slovenia,0.0,1.0,England,36893.0,0.0,1.0,Wolfgang STARK (GER),SALVER Jan-Hendrik (GER),PICKEL Mike (GER),SVN,ENG,KEK Matjaz (SVN),CEH A.,KOREN,KOREN,KEK Matjaz (SVN),KOREN,KOREN,KOREN,KOREN,KOREN,KOREN,KOREN,CAPELLO Fabio (ITA),Bryan ROBSON,Terry BUTCHER,Alan SHEARER,David SEAMAN,BECKHAM,ROBINSON,GERRARD,Terry BUTCHER,David SEAMAN,Alan SHEARER,Alan SHEARER,89,65,65,79,65,65,65,65,65,65,65,73,78,78,87,65,69,65,78,87,78,78
2010.0,23 Jun 2010 - 16:00 ,Group C,USA,1.0,0.0,Algeria,35827.0,0.0,0.0,DE BLEECKERE Frank (BEL),HERMANS Peter (BEL),VROMANS Walter (BEL),USA,ALG,KLINSMANN Juergen (GER),Tom FLORIE,Tony MEOLA,Michael WINDISCHMANN,Thomas DOOLEY,STEWART,FRIEDEL,REYNA,BOCANEGRA,DEMPSEY,Tony MEOLA,BOCANEGRA,HALILHODZIC Vahid (BIH),Nasser DRID,YAHIA,BOUGUERRA,HALLICHE,Nasser DRID,Nasser DRID,Nasser DRID,YAHIA,Nasser DRID,BOUGUERRA,BOUGUERRA,76,71,65,80,72,65,70,74,78,71,74,72,72,65,71,72,72,72,72,72,65,65
2010.0,23 Jun 2010 - 20:30 ,Group D,Ghana,0.0,1.0,Germany,83391.0,0.0,0.0,SIMON Carlos (BRA),HAUSMANN Altemir (BRA),BRAATZ Roberto (BRA),GHA,GER,APPIAH James (GHA),S. APPIAH,MENSAH,A. GYAN,MENSAH,A. GYAN,A. GYAN,S. APPIAH,APPIAH James (GHA),A. GYAN,A. GYAN,A. GYAN,LOEW Joachim (GER),MATTH�US,Juergen KLINSMANN,KAHN,SCHNEIDER,BALLACK,LAHM,Juergen KLINSMANN,BALLACK,LOEW Joachim (GER),BALLACK,Juergen KLINSMANN,89,76,89,76,89,89,89,73,89,89,89,65,61,65,83,65,65,61,65,65,65,61
2010.0,23 Jun 2010 - 20:30 ,Group D,Australia,2.0,1.0,Serbia,37836.0,0.0,0.0,LARRIONDA Jorge (URU),FANDINO Pablo (URU),ESPINOSA Mauricio (URU),AUS,SRB,POSTECOGLOU Ange (AUS),NEILL,JEDINAK,NEILL,POSTECOGLOU Ange (AUS),POSTECOGLOU Ange (AUS),POSTECOGLOU Ange (AUS),POSTECOGLOU Ange (AUS),POSTECOGLOU Ange (AUS),POSTECOGLOU Ange (AUS),JEDINAK,NEILL,coach,coach,coach,coach,coach,coach,coach,coach,coach,coach,coach,coach,68,65,68,75,75,75,75,75,75,65,68,65,65,65,65,65,65,65,65,65,65,65
2010.0,24 Jun 2010 - 16:00 ,Group F,Slovakia,3.0,2.0,Italy,53412.0,1.0,0.0,WEBB Howard (ENG),Darren CANN (ENG),MULLARKEY Michael (ENG),SVK,ITA,WEISS Vladimir (SVK),MUCHA,HAMSIK,MUCHA,HAMSIK,MUCHA,WEISS Vladimir (SVK),MUCHA,MUCHA,MUCHA,MUCHA,HAMSIK,LIPPI Marcello (ITA),Giuseppe MEAZZA,Riccardo CARAPELLESE,Giampiero BONIPERTI,Gaetano SCIREA,PAGLIUCA,Franco BARESI,MALDINI,Paolo MALDINI,BUFFON,MARCHETTI,CANNAVARO,70,65,70,65,70,58,70,70,70,70,65,65,65,65,65,65,68,65,66,89,80,75
2010.0,24 Jun 2010 - 16:00 ,Group F,Paraguay,0.0,0.0,New Zealand,34850.0,0.0,0.0,NISHIMURA Yuichi (JPN),SAGARA Toru (JPN),JEONG Hae Sang (KOR),PAR,NZL,RUIZ LEITES Anibal (URU),Luis VARGAS PENA,Cesar LOPEZ FRETES,Juan AGUERO,CHILAVERT,TAVARELLI,VILLAR,GAMARRA,Juan AGUERO,VILLAR,CHILAVERT,Luis VARGAS PENA,HERBERT Ricki (NZL),Steve SUMNER,NELSEN,Steve SUMNER,Steve SUMNER,Steve SUMNER,Steve SUMNER,HERBERT Ricki (NZL),Steve SUMNER,HERBERT Ricki (NZL),NELSEN,Steve SUMNER,79,76,84,65,65,74,72,84,74,65,79,68,65,68,68,68,68,65,68,65,65,68
2010.0,24 Jun 2010 - 20:30 ,Group E,Denmark,1.0,3.0,Japan,27967.0,0.0,2.0,DAMON Jerome (RSA),NTAGUNGIRA Celestin (RWA),MOLEFE Enock (RSA),DEN,JPN,OLSEN Morten (DEN),Peter SCHMEICHEL,LAUDRUP M.,HEINTZE,S�RENSEN,TOMASSON,HEINTZE,Peter SCHMEICHEL,S�RENSEN,TOMASSON,Peter SCHMEICHEL,S�RENSEN,OKADA Takeshi (JPN),Masami IHARA,MORIOKA,MIYAMOTO,KAWAGUCHI,HASEBE,Masami IHARA,OKADA Takeshi (JPN),OKADA Takeshi (JPN),OKADA Takeshi (JPN),OKADA Takeshi (JPN),OKADA Takeshi (JPN),83,92,65,65,65,65,83,65,65,83,65,64,68,65,54,77,64,65,65,65,65,65
2010.0,24 Jun 2010 - 20:30 ,Group E,Cameroon,1.0,2.0,Netherlands,63093.0,0.0,1.0,POZO Pablo (CHI),BASUALTO Patricio (CHI),MONDRIA Francisco (CHI),CMR,NED,Paul LE GUEN (FRA),Thomas NKONO,Stephen TATAW,SONGO'O,Francois OMAM-BIYIK,SONG,ETO'O,SONG,Stephen TATAW,SONGO'O,Stephen TATAW,Paul LE GUEN (FRA),Louis VAN GAAL (NED),Johan CRUYFF,Piet SCHRIJVERS,Jan JONGBLOED,Ruud KROL,Ruud GULLIT,V. BRONCKHORST,STEKELENBURG,V. PERSIE,CILLESSEN,VORM,KRUL,80,74,62,53,77,81,77,74,62,74,91,74,75,85,71,71,85,75,85,81,79,77
2010.0,25 Jun 2010 - 16:00 ,Group G,Portugal,0.0,0.0,Brazil,62712.0,0.0,0.0,ARCHUNDIA Benito (MEX),VERGARA Hector (CAN),TORRENTERA Marvin (MEX),POR,BRA,PAULO BENTO (POR),MARIO COLUNA,GOMES,FIGO,RICARDO,PAULETA,RONALDO,BETO,EDUARDO,RONALDO,EDUARDO,EDUARDO,SCOLARI Luiz Felipe (BRA),PREGUINHO,MARINHO PERES,SOCRATES,EDINHO,RAI,DUNGA,CAFU,DIDA,R. CENI,T SILVA,JULIO CESAR,81,82,67,80,65,94,76,76,94,76,76,65,78,65,73,77,65,65,80,91,94,76
2010.0,25 Jun 2010 - 16:00 ,Group G,Korea DPR,0.0,3.0,C�te d'Ivoire,34763.0,0.0,2.0,Alberto UNDIANO MALLENCO (ESP),MARTINEZ Fermin (ESP),YUSTE Juan (ESP),PRK,CIV,KIM Jong Hun (PRK),PAK Seung Zin,H. YONG JO,KIM Jong Hun (PRK),H. YONG JO,KIM Jong Hun (PRK),H. YONG JO,KIM Jong Hun (PRK),H. YONG JO,KIM Jong Hun (PRK),KIM Jong Hun (PRK),KIM Jong Hun (PRK),MICHEL Henri (FRA),DROGBA,DOMORAUD,DOMORAUD,DROGBA,MICHEL Henri (FRA),DROGBA,DROGBA,DROGBA,DROGBA,MICHEL Henri (FRA),DROGBA,81,88,81,88,81,88,81,88,81,81,81,65,67,67,65,77,65,65,65,65,77,65
2010.0,25 Jun 2010 - 20:30 ,Group H,Chile,1.0,2.0,Spain,41958.0,0.0,2.0,RODRIGUEZ Marco (MEX),CAMARGO Jose Luis (MEX),MORIN Alberto (MEX),CHI,ESP,ACOSTA Nelson (URU),Guillermo SUBIABRE,Jorge TORO,Francisco VALDES,Ivan ZAMORANO,Nelson TAPIA,Jorge TORO,Nelson TAPIA,Jorge TORO,Guillermo SUBIABRE,Nelson TAPIA,Nelson TAPIA,DEL BOSQUE Vicente (ESP),ZARRA,Juan Manuel ASENSI,Jose Antonio CAMACHO,Emilio BUTRAGUENO,NADAL,ZUBIZARRETA,HIERRO,RAUL,I. CASILLAS,RAMOS,NADAL,70,78,75,82,72,78,72,78,70,72,72,65,84,81,74,64,65,65,74,87,90,64
2010.0,25 Jun 2010 - 20:30 ,Group H,Switzerland,0.0,0.0,Honduras,28042.0,0.0,0.0,BALDASSI Hector (ARG),CASAS Ricardo (ARG),MAIDANA Hernan (ARG),SUI,HON,HITZFELD Ottmar (GER),Marco PASCOLO,VOGEL,BENAGLIO,FREI,VOGEL,HITZFELD Ottmar (GER),VOGEL,HITZFELD Ottmar (GER),HITZFELD Ottmar (GER),Marco PASCOLO,Marco PASCOLO,SUAREZ Luis (COL),Ramon MARADIAGA,GUEVARRA,VALLADARES,VALLADARES,VALLADARES,VALLADARES,GUEVARRA,VALLADARES,VALLADARES,VALLADARES,GUEVARRA,84,65,77,76,65,65,65,65,65,84,84,71,65,65,65,65,65,65,65,65,65,65
2010.0,26 Jun 2010 - 16:00 ,Round of 16,Uruguay,2.0,1.0,Korea Republic,30597.0,1.0,0.0,Wolfgang STARK (GER),SALVER Jan-Hendrik (GER),PICKEL Mike (GER),URU,KOR,TABAREZ Oscar (URU),Horacio TROCHE,Pedro ROCHA,Juan MASNIK,Fernando ALVEZ,Enzo FRANCESCOLI,F.CARINI,P.MONTERO,LUGANO,FORLAN,D. LUGANO,F. MUSLERA,HONG Myungbo (KOR),PARK Chang Sun,CHOI In Young,LEE Woonjae,KIM B. J.,YOO S. C.,M B HONG,JISUNG,J C KOO,KIM B. J.,CHOI In Young,JISUNG,65,84,84,81,71,65,65,65,65,88,86,78,89,77,88,89,93,65,94,88,89,65
2010.0,26 Jun 2010 - 20:30 ,Round of 16,USA,1.0,2.0,Ghana,34976.0,0.0,0.0,KASSAI Viktor (HUN),EROS Gabor (HUN),VAMOS Tibor (HUN),USA,GHA,KLINSMANN Juergen (GER),Tom FLORIE,Tony MEOLA,Michael WINDISCHMANN,Thomas DOOLEY,STEWART,FRIEDEL,REYNA,BOCANEGRA,DEMPSEY,Tom FLORIE,REYNA,APPIAH James (GHA),S. APPIAH,MENSAH,A. GYAN,APPIAH James (GHA),A. GYAN,S. APPIAH,MENSAH,A. GYAN,APPIAH James (GHA),A. GYAN,APPIAH James (GHA),76,71,65,80,72,65,70,74,78,76,70,89,76,89,73,89,89,76,89,73,89,73
2010.0,27 Jun 2010 - 16:00 ,Round of 16,Germany,4.0,1.0,England,40510.0,2.0,1.0,LARRIONDA Jorge (URU),FANDINO Pablo (URU),ESPINOSA Mauricio (URU),GER,ENG,LOEW Joachim (GER),MATTH�US,Juergen KLINSMANN,KAHN,SCHNEIDER,BALLACK,LAHM,SCHNEIDER,LAHM,Juergen KLINSMANN,Juergen KLINSMANN,SCHNEIDER,CAPELLO Fabio (ITA),Bryan ROBSON,Terry BUTCHER,Alan SHEARER,David SEAMAN,BECKHAM,ROBINSON,GERRARD,Alan SHEARER,ROBINSON,GERRARD,GERRARD,65,61,65,83,65,65,83,65,61,61,83,73,78,78,87,65,69,65,78,69,65,65
2010.0,27 Jun 2010 - 20:30 ,Round of 16,Argentina,3.0,1.0,Mexico,84377.0,2.0,0.0,ROSETTI Roberto (ITA),CALCAGNO Paolo (ITA),AYROLDI Stefano (ITA),ARG,MEX,SABELLA Alejandro (ARG),Ruben NAVARRO,Daniel PASSARELLA,Diego MARADONA,Nery PUMPIDO,Oscar RUGGERI,Diego SIMEONE,Carlos ROA,BATISTUTA,ABBONDANZIERI,MASCHERANO,MESSI,Javier AGUIRRE (MEX),Horacio CASARIN,Gustavo PENA,Arturo VAZQUEZ,Jose REYES,Pedro SOTO,Tomas BOY,CAMPOS,Alberto GARCIA ASPE,R. MARQUEZ,G TORRADO,C BLANCO,78,80,86,65,83,86,76,65,65,83,93,67,80,63,77,84,77,76,81,91,90,94
2010.0,28 Jun 2010 - 16:00 ,Round of 16,Netherlands,2.0,1.0,Slovakia,61962.0,1.0,0.0,Alberto UNDIANO MALLENCO (ESP),MARTINEZ Fermin (ESP),YUSTE Juan (ESP),NED,SVK,Louis VAN GAAL (NED),Johan CRUYFF,Piet SCHRIJVERS,Jan JONGBLOED,Ruud KROL,Ronald KOEMAN,V. BRONCKHORST,STEKELENBURG,V. PERSIE,CILLESSEN,VORM,KRUL,WEISS Vladimir (SVK),MUCHA,HAMSIK,WEISS Vladimir (SVK),WEISS Vladimir (SVK),WEISS Vladimir (SVK),WEISS Vladimir (SVK),HAMSIK,HAMSIK,WEISS Vladimir (SVK),HAMSIK,HAMSIK,74,75,85,71,94,85,75,85,81,79,77,70,65,58,58,58,58,65,65,58,65,65
2010.0,28 Jun 2010 - 20:30 ,Round of 16,Brazil,3.0,0.0,Chile,54096.0,2.0,0.0,WEBB Howard (ENG),Darren CANN (ENG),MULLARKEY Michael (ENG),BRA,CHI,SCOLARI Luiz Felipe (BRA),LEONIDAS,CARLOS ALBERTO,EDINHO,RICARDO GOMES,RAI,DUNGA,CAFU,DIDA,R. CENI,T SILVA,JULIO CESAR,ACOSTA Nelson (URU),Guillermo SUBIABRE,Jorge TORO,Francisco VALDES,Ivan ZAMORANO,Nelson TAPIA,Francisco VALDES,Ivan ZAMORANO,Jorge TORO,Jorge TORO,ACOSTA Nelson (URU),ACOSTA Nelson (URU),65,77,73,82,77,65,65,80,91,94,76,70,78,75,82,72,75,82,78,78,79,79
2010.0,29 Jun 2010 - 16:00 ,Round of 16,Paraguay,0.0,0.0,Japan,36742.0,0.0,0.0,DE BLEECKERE Frank (BEL),HERMANS Peter (BEL),VROMANS Walter (BEL),PAR,JPN,RUIZ LEITES Anibal (URU),Luis VARGAS PENA,Cesar LOPEZ FRETES,Juan AGUERO,CHILAVERT,TAVARELLI,VILLAR,GAMARRA,GAMARRA,GAMARRA,RUIZ LEITES Anibal (URU),TAVARELLI,OKADA Takeshi (JPN),Masami IHARA,MORIOKA,MIYAMOTO,KAWAGUCHI,HASEBE,HASEBE,OKADA Takeshi (JPN),OKADA Takeshi (JPN),OKADA Takeshi (JPN),MIYAMOTO,OKADA Takeshi (JPN),79,76,84,65,65,74,72,72,72,78,65,64,68,65,54,77,77,65,65,65,65,65
2010.0,29 Jun 2010 - 20:30 ,Round of 16,Spain,1.0,0.0,Portugal,62955.0,0.0,0.0,BALDASSI Hector (ARG),CASAS Ricardo (ARG),MAIDANA Hernan (ARG),ESP,POR,DEL BOSQUE Vicente (ESP),ZARRA,Juan Manuel ASENSI,Jose Antonio CAMACHO,Emilio BUTRAGUENO,NADAL,ZUBIZARRETA,HIERRO,RAUL,I. CASILLAS,RAMOS,RAUL,PAULO BENTO (POR),MARIO COLUNA,GOMES,FIGO,RICARDO,PAULETA,RONALDO,BETO,EDUARDO,MARIO COLUNA,RONALDO,GOMES,65,84,81,74,64,65,65,74,87,90,74,81,82,67,80,65,94,76,76,81,94,82
2010.0,02 Jul 2010 - 16:00 ,Quarter-finals,Netherlands,2.0,1.0,Brazil,40186.0,0.0,1.0,NISHIMURA Yuichi (JPN),SAGARA Toru (JPN),JEONG Hae Sang (KOR),NED,BRA,Louis VAN GAAL (NED),Johan CRUYFF,Piet SCHRIJVERS,Jan JONGBLOED,Ruud KROL,Ruud GULLIT,Ronald KOEMAN,STEKELENBURG,V. PERSIE,CILLESSEN,VORM,KRUL,SCOLARI Luiz Felipe (BRA),PREGUINHO,LEONIDAS,WILSON PIAZZA,MARINHO PERES,SOCRATES,WALDIR PERES,RAI,DUNGA,CAFU,DIDA,JULIO CESAR,74,75,85,71,71,94,75,85,81,79,77,65,65,76,78,65,78,77,65,65,80,76
2010.0,02 Jul 2010 - 20:30 ,Quarter-finals,Uruguay,1.0,1.0,Ghana,84017.0,0.0,0.0,Oleg�rio BENQUEREN�A (POR),CARDINAL Jose (POR),MIRANDA Bertino (POR),URU,GHA,TABAREZ Oscar (URU),Obdulio VARELA,Horacio TROCHE,Pedro ROCHA,Juan MASNIK,Jorge BARRIOS,Fernando ALVEZ,Enzo FRANCESCOLI,F.CARINI,FORLAN,D. LUGANO,F. MUSLERA,APPIAH James (GHA),S. APPIAH,MENSAH,A. GYAN,S. APPIAH,A. GYAN,A. GYAN,A. GYAN,A. GYAN,MENSAH,A. GYAN,A. GYAN,77,65,84,84,78,81,71,65,65,88,86,89,76,89,89,89,89,89,89,76,89,89
2010.0,03 Jul 2010 - 16:00 ,Quarter-finals,Argentina,0.0,4.0,Germany,64100.0,0.0,1.0,Ravshan IRMATOV (UZB),ILYASOV Rafael (UZB),KOCHKAROV Bakhadyr (KGZ),ARG,GER,SABELLA Alejandro (ARG),Antonio RATTIN,Miguel BRINDISI,Daniel PASSARELLA,Diego MARADONA,Nery PUMPIDO,Sergio GOYCOCHEA,Diego SIMEONE,Carlos ROA,VERON,SORIN,MASCHERANO,LOEW Joachim (GER),MATTH�US,Juergen KLINSMANN,KAHN,SCHNEIDER,BALLACK,LAHM,BALLACK,MATTH�US,BALLACK,MATTH�US,MATTH�US,80,78,80,86,65,90,86,76,67,65,83,65,61,65,83,65,65,65,65,65,65,65
2010.0,03 Jul 2010 - 20:30 ,Quarter-finals,Paraguay,0.0,1.0,Spain,55359.0,0.0,0.0,BATRES Carlos (GUA),LEAL Leonel (CRC),PASTRANA Carlos (HON),PAR,ESP,RUIZ LEITES Anibal (URU),Luis VARGAS PENA,Cesar LOPEZ FRETES,Juan AGUERO,CHILAVERT,TAVARELLI,VILLAR,GAMARRA,Juan AGUERO,Cesar LOPEZ FRETES,GAMARRA,Cesar LOPEZ FRETES,DEL BOSQUE Vicente (ESP),ZARRA,Juan Manuel ASENSI,Jose Antonio CAMACHO,Emilio BUTRAGUENO,NADAL,ZUBIZARRETA,HIERRO,RAUL,I. CASILLAS,RAMOS,NADAL,79,76,84,65,65,74,72,84,76,72,76,65,84,81,74,64,65,65,74,87,90,64
2010.0,06 Jul 2010 - 20:30 ,Semi-finals,Uruguay,2.0,3.0,Netherlands,62479.0,1.0,1.0,Ravshan IRMATOV (UZB),ILYASOV Rafael (UZB),KOCHKAROV Bakhadyr (KGZ),URU,NED,TABAREZ Oscar (URU),Obdulio VARELA,Horacio TROCHE,Pedro ROCHA,Luis UBINA,Juan MASNIK,Jorge BARRIOS,Enzo FRANCESCOLI,P.MONTERO,LUGANO,FORLAN,F. MUSLERA,Louis VAN GAAL (NED),Johan CRUYFF,Jan JONGBLOED,Ruud KROL,Ruud GULLIT,Ronald KOEMAN,V. BRONCKHORST,STEKELENBURG,V. PERSIE,CILLESSEN,VORM,KRUL,77,65,84,79,84,78,71,65,65,65,86,74,85,71,71,94,85,75,85,81,79,77
2010.0,07 Jul 2010 - 20:30 ,Semi-finals,Germany,0.0,1.0,Spain,60960.0,0.0,0.0,KASSAI Viktor (HUN),EROS Gabor (HUN),VAMOS Tibor (HUN),GER,ESP,LOEW Joachim (GER),MATTH�US,Juergen KLINSMANN,KAHN,SCHNEIDER,BALLACK,LAHM,Juergen KLINSMANN,Juergen KLINSMANN,MATTH�US,KAHN,MATTH�US,DEL BOSQUE Vicente (ESP),ZARRA,Juan Manuel ASENSI,Jose Antonio CAMACHO,Emilio BUTRAGUENO,NADAL,ZUBIZARRETA,HIERRO,RAUL,I. CASILLAS,RAMOS,ZARRA,65,61,65,83,65,65,61,61,65,65,65,65,84,81,74,64,65,65,74,87,90,65
2010.0,10 Jul 2010 - 20:30 ,Match for third place,Uruguay,2.0,3.0,Germany,36254.0,1.0,1.0,ARCHUNDIA Benito (MEX),VERGARA Hector (CAN),TORRENTERA Marvin (MEX),URU,GER,TABAREZ Oscar (URU),Horacio TROCHE,Pedro ROCHA,Jorge BARRIOS,Fernando ALVEZ,Enzo FRANCESCOLI,F.CARINI,LUGANO,FORLAN,D. LUGANO,D. GODIN,F. MUSLERA,LOEW Joachim (GER),MATTH�US,Juergen KLINSMANN,KAHN,SCHNEIDER,BALLACK,LAHM,BALLACK,MATTH�US,KAHN,LOEW Joachim (GER),MATTH�US,65,84,78,81,71,65,65,65,88,88,86,65,61,65,83,65,65,65,65,65,65,65
2010.0,11 Jul 2010 - 20:30 ,Final,Netherlands,0.0,1.0,Spain,84490.0,0.0,0.0,WEBB Howard (ENG),Darren CANN (ENG),MULLARKEY Michael (ENG),NED,ESP,Louis VAN GAAL (NED),Johan CRUYFF,Piet SCHRIJVERS,Jan JONGBLOED,Ruud KROL,Ruud GULLIT,Ronald KOEMAN,V. BRONCKHORST,STEKELENBURG,CILLESSEN,VORM,KRUL,DEL BOSQUE Vicente (ESP),ZARRA,Juan Manuel ASENSI,Jose Antonio CAMACHO,Emilio BUTRAGUENO,NADAL,ZUBIZARRETA,HIERRO,RAUL,I. CASILLAS,RAMOS,RAUL,74,75,85,71,71,94,85,75,81,79,77,65,84,81,74,64,65,65,74,87,90,74
2014.0,12 Jun 2014 - 17:00 ,Group A,Brazil,3.0,1.0,Croatia,62103.0,1.0,1.0,NISHIMURA Yuichi (JPN),SAGARA Toru (JPN),NAGI Toshiyuki (JPN),BRA,CRO,SCOLARI Luiz Felipe (BRA),PREGUINHO,LEONIDAS,WILSON PIAZZA,SOCRATES,WALDIR PERES,EDINHO,RAI,CAFU,DIDA,R. CENI,T SILVA,KRANJCAR Zlatko (CRO),Davor SUKER,Zvonimir BOBAN,SUKER,N. KOVAC,PLETIKOSA,KRANJCAR Zlatko (CRO),SUKER,N. KOVAC,Zvonimir BOBAN,PLETIKOSA,PLETIKOSA,65,65,76,65,78,73,77,65,80,91,94,65,65,65,87,65,65,65,87,65,65,65
2014.0,13 Jun 2014 - 13:00 ,Group A,Mexico,1.0,0.0,Cameroon,39216.0,0.0,0.0,ROLDAN Wilmar (COL),CLAVIJO Humberto (COL),DIAZ Eduardo (COL),MEX,CMR,Javier AGUIRRE (MEX),Gustavo PENA,Arturo VAZQUEZ,Jose REYES,Pedro SOTO,Tomas BOY,CAMPOS,Alberto GARCIA ASPE,R. MARQUEZ,G TORRADO,C BLANCO,R MARQUEZ,Paul LE GUEN (FRA),Thomas NKONO,Stephen TATAW,SONGO'O,Francois OMAM-BIYIK,SONG,ETO'O,Francois OMAM-BIYIK,Francois OMAM-BIYIK,SONG,Paul LE GUEN (FRA),Francois OMAM-BIYIK,80,63,77,84,77,76,81,91,90,94,94,80,74,62,53,77,81,53,53,77,91,53
2014.0,13 Jun 2014 - 16:00 ,Group B,Spain,1.0,5.0,Netherlands,48173.0,1.0,1.0,Nicola RIZZOLI (ITA),Renato FAVERANI (ITA),Andrea STEFANI (ITA),ESP,NED,DEL BOSQUE Vicente (ESP),ZARRA,Juan Manuel ASENSI,Jose Antonio CAMACHO,Emilio BUTRAGUENO,NADAL,ZUBIZARRETA,HIERRO,RAUL,I. CASILLAS,RAMOS,ZARRA,Louis VAN GAAL (NED),Johan CRUYFF,Jan JONGBLOED,Ruud KROL,Ruud GULLIT,Ronald KOEMAN,V. BRONCKHORST,STEKELENBURG,V. PERSIE,CILLESSEN,VORM,KRUL,65,84,81,74,64,65,65,74,87,90,65,74,85,71,71,94,85,75,85,81,79,77
2014.0,13 Jun 2014 - 18:00 ,Group B,Chile,3.0,1.0,Australia,40275.0,2.0,1.0,Noumandiez DOUE (CIV),YEO Songuifolo (CIV),BIRUMUSHAHU Jean Claude (BDI),CHI,AUS,ACOSTA Nelson (URU),Guillermo SUBIABRE,Jorge TORO,Francisco VALDES,Ivan ZAMORANO,Nelson TAPIA,Nelson TAPIA,Guillermo SUBIABRE,Nelson TAPIA,Francisco VALDES,Francisco VALDES,Nelson TAPIA,POSTECOGLOU Ange (AUS),NEILL,JEDINAK,POSTECOGLOU Ange (AUS),JEDINAK,POSTECOGLOU Ange (AUS),POSTECOGLOU Ange (AUS),POSTECOGLOU Ange (AUS),NEILL,POSTECOGLOU Ange (AUS),POSTECOGLOU Ange (AUS),POSTECOGLOU Ange (AUS),70,78,75,82,72,72,70,72,75,75,72,68,65,75,65,75,75,75,68,75,75,75
2014.0,14 Jun 2014 - 13:00 ,Group C,Colombia,3.0,0.0,Greece,57174.0,1.0,0.0,GEIGER Mark (USA),HURD Sean (USA),FLETCHER Joe (CAN),COL,GRE,PEKERMAN Jose (ARG),Francisco ZULUAGA,Carlos VALDERRAMA,VALDERRAMA,OSPINA,MONDRAGON,YEPES,Carlos VALDERRAMA,YEPES,Carlos VALDERRAMA,VALDERRAMA,YEPES,SANTOS Fernando (POR),Tassos MITROPOULOS,KARAGOUNIS,KATSOURANIS,KARNEZIS,GLYKOS,SANTOS Fernando (POR),KATSOURANIS,KARNEZIS,SANTOS Fernando (POR),KARNEZIS,SANTOS Fernando (POR),75,76,65,79,65,65,76,65,76,65,65,65,63,65,82,71,81,65,82,81,82,81
2014.0,14 Jun 2014 - 16:00 ,Group D,Uruguay,1.0,3.0,Costa Rica,58679.0,1.0,0.0,BRYCH Felix (GER),BORSCH Mark (GER),LUPP Stefan (GER),URU,CRC,TABAREZ Oscar (URU),Obdulio VARELA,Luis UBINA,Juan MASNIK,Jorge BARRIOS,Fernando ALVEZ,F.CARINI,P.MONTERO,LUGANO,D. LUGANO,D. GODIN,F. MUSLERA,PINTO Jorge Luis (COL),Roger FLORES,MARIN L.,RUIZ B.,NAVAS K.,MARIN L.,RUIZ B.,MARIN L.,MARIN L.,PINTO Jorge Luis (COL),MARIN L.,RUIZ B.,77,79,84,78,81,65,65,65,88,88,86,76,93,85,89,93,85,93,93,79,93,85
2014.0,14 Jun 2014 - 18:00 ,Group D,England,1.0,2.0,Italy,39800.0,1.0,1.0,Bj�rn KUIPERS (NED),Sander VAN ROEKEL (NED),Erwin ZEINSTRA (NED),ENG,ITA,CAPELLO Fabio (ITA),Bryan ROBSON,Terry BUTCHER,Alan SHEARER,David SEAMAN,BECKHAM,ROBINSON,GERRARD,David SEAMAN,Alan SHEARER,Alan SHEARER,David SEAMAN,LIPPI Marcello (ITA),Riccardo CARAPELLESE,Giampiero BONIPERTI,Egisto PANDOLFINI,Gaetano SCIREA,PAGLIUCA,Franco BARESI,MALDINI,Paolo MALDINI,BUFFON,MARCHETTI,CANNAVARO,73,78,78,87,65,69,65,87,78,78,87,65,65,65,65,65,68,65,66,89,80,75
2014.0,14 Jun 2014 - 22:00 ,Group C,C�te d'Ivoire,2.0,1.0,Japan,40267.0,0.0,1.0,OSSES Enrique (CHI),ASTROZA Carlos (CHI),ROMAN Sergio (CHI),CIV,JPN,MICHEL Henri (FRA),DROGBA,DOMORAUD,MICHEL Henri (FRA),MICHEL Henri (FRA),MICHEL Henri (FRA),MICHEL Henri (FRA),MICHEL Henri (FRA),DROGBA,MICHEL Henri (FRA),DROGBA,MICHEL Henri (FRA),OKADA Takeshi (JPN),Masami IHARA,MORIOKA,MIYAMOTO,KAWAGUCHI,HASEBE,MORIOKA,MORIOKA,MORIOKA,KAWAGUCHI,HASEBE,MORIOKA,65,67,77,77,77,77,77,65,77,65,77,64,68,65,54,77,68,68,68,54,77,68
2014.0,15 Jun 2014 - 13:00 ,Group E,Switzerland,2.0,1.0,Ecuador,68351.0,0.0,1.0,Ravshan IRMATOV (UZB),RASULOV Abduxamidullo (UZB),KOCHKAROV Bakhadyr (KGZ),SUI,ECU,HITZFELD Ottmar (GER),Marco PASCOLO,VOGEL,BENAGLIO,FREI,FREI,FREI,Marco PASCOLO,HITZFELD Ottmar (GER),HITZFELD Ottmar (GER),BENAGLIO,FREI,RUEDA Reinaldo (COL),AGUINAGA,CEVALLOS,I. HURTADO,C. MORA,M. AYOVI,A. VALENCIA,AGUINAGA,A. VALENCIA,AGUINAGA,AGUINAGA,CEVALLOS,84,65,77,76,76,76,84,65,65,77,76,65,65,87,87,92,89,65,89,65,65,65
2014.0,15 Jun 2014 - 16:00 ,Group E,France,3.0,0.0,Honduras,43012.0,1.0,0.0,RICCI Sandro (BRA),DE CARVALHO Emerson (BRA),VAN GASSE Marcelo (BRA),FRA,HON,DOMENECH Raymond (FRA),Jean Paul BERTRAND DEMANES,Michel PLATINI,Didier DESCHAMPS,ZIDANE,VIEIRA,EVRA,A. DIARRA,ZIDANE,Jean Paul BERTRAND DEMANES,VIEIRA,A. DIARRA,SUAREZ Luis (COL),Ramon MARADIAGA,GUEVARRA,VALLADARES,Ramon MARADIAGA,SUAREZ Luis (COL),Ramon MARADIAGA,Ramon MARADIAGA,Ramon MARADIAGA,Ramon MARADIAGA,Ramon MARADIAGA,Ramon MARADIAGA,81,76,65,64,71,80,89,64,81,71,89,71,65,65,71,79,71,71,71,71,71,71
2014.0,15 Jun 2014 - 19:00 ,Group F,Argentina,2.0,1.0,"rn"">Bosnia and Herzegovina",74738.0,1.0,0.0,AGUILAR Joel (SLV),TORRES William (SLV),ZUMBA Juan (SLV),ARG,BIH,SABELLA Alejandro (ARG),Antonio RATTIN,Nery PUMPIDO,Sergio GOYCOCHEA,Oscar RUGGERI,Diego SIMEONE,Carlos ROA,VERON,BATISTUTA,SORIN,MASCHERANO,MESSI,SUSIC Safet (BIH),SPAHI?,SUSIC Safet (BIH),SUSIC Safet (BIH),SPAHI?,SPAHI?,SPAHI?,SPAHI?,SPAHI?,SPAHI?,SPAHI?,SUSIC Safet (BIH),80,65,90,83,86,76,67,65,65,83,93,65,65,65,65,65,65,65,65,65,65,65
2014.0,16 Jun 2014 - 13:00 ,Group G,Germany,4.0,0.0,Portugal,51081.0,3.0,0.0,MAZIC Milorad (SRB),RISTIC Milovan (SRB),DJURDJEVIC Dalibor (SRB),GER,POR,LOEW Joachim (GER),MATTH�US,Juergen KLINSMANN,KAHN,SCHNEIDER,BALLACK,LAHM,Juergen KLINSMANN,KAHN,BALLACK,LAHM,Juergen KLINSMANN,PAULO BENTO (POR),MARIO COLUNA,GOMES,FIGO,RICARDO,PAULETA,RONALDO,BETO,EDUARDO,EDUARDO,BETO,PAULETA,65,61,65,83,65,65,61,65,65,65,61,81,82,67,80,65,94,76,76,76,76,65
2014.0,16 Jun 2014 - 16:00 ,Group F,IR Iran,0.0,0.0,Nigeria,39081.0,0.0,0.0,VERA Carlos (ECU),LESCANO Christian (ECU),ROMERO Byron (ECU),IRN,NGA,Carlos QUEIR�S (POR),Y.GOLMOHAMMADI,J. NEKOUNAM,Y.GOLMOHAMMADI,Carlos QUEIR�S (POR),Y.GOLMOHAMMADI,Y.GOLMOHAMMADI,Y.GOLMOHAMMADI,Y.GOLMOHAMMADI,Carlos QUEIR�S (POR),Carlos QUEIR�S (POR),Carlos QUEIR�S (POR),KESHI Stephen (NGA),Stephen KESHI,UCHE,ENYEAMA,KANU,YOBO,UCHE,KESHI Stephen (NGA),UCHE,KESHI Stephen (NGA),UCHE,KANU,65,88,65,76,65,65,65,65,76,76,76,74,76,80,74,65,76,74,76,74,76,74
2014.0,16 Jun 2014 - 19:00 ,Group G,Ghana,1.0,2.0,USA,39760.0,0.0,1.0,ERIKSSON Jonas (SWE),KLASENIUS Mathias (SWE),WARNMARK Daniel (SWE),GHA,USA,APPIAH James (GHA),S. APPIAH,MENSAH,A. GYAN,S. APPIAH,S. APPIAH,APPIAH James (GHA),APPIAH James (GHA),APPIAH James (GHA),APPIAH James (GHA),APPIAH James (GHA),APPIAH James (GHA),KLINSMANN Juergen (GER),Tom FLORIE,Tony MEOLA,Michael WINDISCHMANN,Thomas DOOLEY,STEWART,FRIEDEL,REYNA,BOCANEGRA,DEMPSEY,Michael WINDISCHMANN,Thomas DOOLEY,89,76,89,89,89,73,73,73,73,73,73,76,71,65,80,72,65,70,74,78,65,80
2014.0,17 Jun 2014 - 13:00 ,Group H,Belgium,2.0,1.0,Algeria,56800.0,0.0,1.0,RODRIGUEZ Marco (MEX),TORRENTERA Marvin (MEX),QUINTERO Marcos (MEX),BEL,ALG,WILMOTS Marc (BEL),Paul VAN HIMST,Jean Marie PFAFF,Eric GERETS,Jan CEULEMANS,Georges GRUN,SCIFO,Franky VAN DER ELST,Enzo SCIFO,WILMOTS,VERTONGHEN,KOMPANY,HALILHODZIC Vahid (BIH),Nasser DRID,YAHIA,BOUGUERRA,HALLICHE,Nasser DRID,HALILHODZIC Vahid (BIH),HALILHODZIC Vahid (BIH),HALILHODZIC Vahid (BIH),Nasser DRID,HALILHODZIC Vahid (BIH),Nasser DRID,87,74,80,85,65,65,87,71,65,85,85,72,72,65,71,72,65,65,65,72,65,72
2014.0,17 Jun 2014 - 16:00 ,Group A,Brazil,0.0,0.0,Mexico,60342.0,0.0,0.0,C�neyt �AKIR (TUR),DURAN Bahattin (TUR),ONGUN Tarik (TUR),BRA,MEX,SCOLARI Luiz Felipe (BRA),LEONIDAS,CARLOS ALBERTO,WILSON PIAZZA,MARINHO PERES,SOCRATES,WALDIR PERES,RAI,DUNGA,CAFU,T SILVA,JULIO CESAR,Javier AGUIRRE (MEX),Horacio CASARIN,Gustavo PENA,Arturo VAZQUEZ,Jose REYES,Pedro SOTO,Tomas BOY,O. PEREZ,R. MARQUEZ,G TORRADO,C BLANCO,R MARQUEZ,65,77,76,78,65,78,77,65,65,94,76,67,80,63,77,84,77,83,91,90,94,94
2014.0,17 Jun 2014 - 18:00 ,Group H,Russia,1.0,1.0,Korea Republic,37603.0,0.0,0.0,PITANA Nestor (ARG),MAIDANA Hernan (ARG),BELATTI Juan Pablo (ARG),RUS,KOR,SADYRIN Pavel (RUS),Dmitri KHARIN,SADYRIN Pavel (RUS),SADYRIN Pavel (RUS),SADYRIN Pavel (RUS),Dmitri KHARIN,SADYRIN Pavel (RUS),SADYRIN Pavel (RUS),SADYRIN Pavel (RUS),SADYRIN Pavel (RUS),SADYRIN Pavel (RUS),Dmitri KHARIN,HONG Myungbo (KOR),PARK Chang Sun,CHOI In Young,LEE Woonjae,KIM B. J.,YOO S. C.,M B HONG,JISUNG,J C KOO,YOO S. C.,J C KOO,KIM B. J.,65,72,72,72,65,72,72,72,72,72,65,78,89,77,88,89,93,65,94,89,94,88
2014.0,18 Jun 2014 - 13:00 ,Group B,Australia,2.0,3.0,Netherlands,42877.0,1.0,1.0,HAIMOUDI Djamel (ALG),ACHIK Redouane (MAR),ETCHIALI Abdelhak (ALG),AUS,NED,POSTECOGLOU Ange (AUS),NEILL,JEDINAK,POSTECOGLOU Ange (AUS),POSTECOGLOU Ange (AUS),POSTECOGLOU Ange (AUS),POSTECOGLOU Ange (AUS),NEILL,POSTECOGLOU Ange (AUS),POSTECOGLOU Ange (AUS),NEILL,NEILL,Louis VAN GAAL (NED),Johan CRUYFF,Piet SCHRIJVERS,Jan JONGBLOED,Ruud KROL,Ruud GULLIT,Ronald KOEMAN,STEKELENBURG,V. PERSIE,CILLESSEN,VORM,KRUL,68,65,75,75,75,75,68,75,75,68,68,74,75,85,71,71,94,75,85,81,79,77
2014.0,18 Jun 2014 - 16:00 ,Group B,Spain,0.0,2.0,Chile,74101.0,0.0,2.0,GEIGER Mark (USA),HURD Sean (USA),FLETCHER Joe (CAN),ESP,CHI,DEL BOSQUE Vicente (ESP),ZARRA,Juan Manuel ASENSI,Jose Antonio CAMACHO,Emilio BUTRAGUENO,NADAL,ZUBIZARRETA,HIERRO,RAUL,I. CASILLAS,RAMOS,NADAL,ACOSTA Nelson (URU),Guillermo SUBIABRE,Jorge TORO,Francisco VALDES,Ivan ZAMORANO,Nelson TAPIA,Nelson TAPIA,Nelson TAPIA,Nelson TAPIA,Nelson TAPIA,Nelson TAPIA,Nelson TAPIA,65,84,81,74,64,65,65,74,87,90,64,70,78,75,82,72,72,72,72,72,72,72
2014.0,18 Jun 2014 - 18:00 ,Group A,Cameroon,0.0,4.0,Croatia,39982.0,0.0,1.0,PROENCA Pedro (POR),MIRANDA Bertino (POR),TRIGO Jose (POR),CMR,CRO,Paul LE GUEN (FRA),Thomas NKONO,Stephen TATAW,SONGO'O,Francois OMAM-BIYIK,SONG,ETO'O,SONG,SONG,Stephen TATAW,SONG,Paul LE GUEN (FRA),KRANJCAR Zlatko (CRO),Davor SUKER,Zvonimir BOBAN,SUKER,N. KOVAC,PLETIKOSA,SUKER,Davor SUKER,PLETIKOSA,Davor SUKER,SUKER,Davor SUKER,80,74,62,53,77,81,77,77,74,77,91,65,65,65,87,65,65,65,65,65,65,65
2014.0,19 Jun 2014 - 13:00 ,Group C,Colombia,2.0,1.0,C�te d'Ivoire,68748.0,0.0,0.0,WEBB Howard (ENG),MULLARKEY Michael (ENG),Darren CANN (ENG),COL,CIV,PEKERMAN Jose (ARG),Francisco ZULUAGA,Carlos VALDERRAMA,VALDERRAMA,OSPINA,MONDRAGON,YEPES,VALDERRAMA,YEPES,MONDRAGON,Francisco ZULUAGA,MONDRAGON,MICHEL Henri (FRA),DROGBA,DOMORAUD,DROGBA,DROGBA,MICHEL Henri (FRA),DROGBA,MICHEL Henri (FRA),DOMORAUD,DOMORAUD,DROGBA,DOMORAUD,75,76,65,79,65,65,65,65,65,75,65,65,67,65,65,77,65,77,67,67,65,67
2014.0,19 Jun 2014 - 16:00 ,Group D,Uruguay,2.0,1.0,England,62575.0,1.0,0.0,Carlos VELASCO CARBALLO (ESP),ALONSO FERNANDEZ Roberto (ESP),YUSTE Juan (ESP),URU,ENG,TABAREZ Oscar (URU),Horacio TROCHE,Pedro ROCHA,Luis UBINA,Jorge BARRIOS,Fernando ALVEZ,F.CARINI,P.MONTERO,LUGANO,FORLAN,D. GODIN,F. MUSLERA,CAPELLO Fabio (ITA),Bryan ROBSON,Terry BUTCHER,Alan SHEARER,David SEAMAN,BECKHAM,ROBINSON,GERRARD,David SEAMAN,Alan SHEARER,GERRARD,ROBINSON,65,84,79,78,81,65,65,65,65,88,86,73,78,78,87,65,69,65,87,78,65,69
2014.0,19 Jun 2014 - 19:00 ,Group C,Japan,0.0,0.0,Greece,39485.0,0.0,0.0,AGUILAR Joel (SLV),TORRES William (SLV),ZUMBA Juan (SLV),JPN,GRE,OKADA Takeshi (JPN),Masami IHARA,MORIOKA,MIYAMOTO,KAWAGUCHI,HASEBE,HASEBE,HASEBE,MIYAMOTO,MORIOKA,HASEBE,MORIOKA,SANTOS Fernando (POR),Tassos MITROPOULOS,KARAGOUNIS,KATSOURANIS,KARNEZIS,GLYKOS,KARNEZIS,KARNEZIS,KARNEZIS,GLYKOS,Tassos MITROPOULOS,KARNEZIS,64,68,65,54,77,77,77,65,68,77,68,65,63,65,82,71,82,82,82,71,65,82
2014.0,20 Jun 2014 - 13:00 ,Group D,Italy,0.0,1.0,Costa Rica,40285.0,0.0,1.0,OSSES Enrique (CHI),ASTROZA Carlos (CHI),ROMAN Sergio (CHI),ITA,CRC,LIPPI Marcello (ITA),Giuseppe MEAZZA,Riccardo CARAPELLESE,Giampiero BONIPERTI,Egisto PANDOLFINI,PAGLIUCA,Franco BARESI,MALDINI,Paolo MALDINI,BUFFON,MARCHETTI,CANNAVARO,PINTO Jorge Luis (COL),Roger FLORES,MARIN L.,RUIZ B.,NAVAS K.,MARIN L.,NAVAS K.,RUIZ B.,NAVAS K.,MARIN L.,NAVAS K.,Roger FLORES,65,65,65,65,65,68,65,66,89,80,75,76,93,85,89,93,89,85,89,93,89,76
2014.0,20 Jun 2014 - 16:00 ,Group E,Switzerland,2.0,5.0,France,51003.0,0.0,3.0,Bj�rn KUIPERS (NED),Sander VAN ROEKEL (NED),Erwin ZEINSTRA (NED),SUI,FRA,HITZFELD Ottmar (GER),Marco PASCOLO,VOGEL,BENAGLIO,FREI,HITZFELD Ottmar (GER),HITZFELD Ottmar (GER),HITZFELD Ottmar (GER),HITZFELD Ottmar (GER),Marco PASCOLO,HITZFELD Ottmar (GER),HITZFELD Ottmar (GER),DOMENECH Raymond (FRA),Jean Paul BERTRAND DEMANES,Michel PLATINI,Didier DESCHAMPS,ZIDANE,VIEIRA,EVRA,A. DIARRA,DOMENECH Raymond (FRA),DOMENECH Raymond (FRA),Didier DESCHAMPS,Didier DESCHAMPS,84,65,77,76,65,65,65,65,84,65,65,81,76,65,64,71,80,89,65,65,65,65
2014.0,20 Jun 2014 - 19:00 ,Group E,Honduras,1.0,2.0,Ecuador,39224.0,1.0,1.0,Ben WILLIAMS (AUS),CREAM Matthew (AUS),ANAZ Hakan (AUS),HON,ECU,SUAREZ Luis (COL),Ramon MARADIAGA,GUEVARRA,VALLADARES,SUAREZ Luis (COL),SUAREZ Luis (COL),SUAREZ Luis (COL),SUAREZ Luis (COL),SUAREZ Luis (COL),SUAREZ Luis (COL),SUAREZ Luis (COL),SUAREZ Luis (COL),RUEDA Reinaldo (COL),AGUINAGA,CEVALLOS,I. HURTADO,C. MORA,M. AYOVI,A. VALENCIA,CEVALLOS,AGUINAGA,RUEDA Reinaldo (COL),I. HURTADO,I. HURTADO,71,65,65,79,79,79,79,79,79,79,79,65,65,87,87,92,89,65,65,61,87,87
2014.0,21 Jun 2014 - 13:00 ,Group F,Argentina,1.0,0.0,IR Iran,57698.0,0.0,0.0,MAZIC Milorad (SRB),RISTIC Milovan (SRB),DJURDJEVIC Dalibor (SRB),ARG,IRN,SABELLA Alejandro (ARG),Ruben NAVARRO,Antonio RATTIN,Miguel BRINDISI,Daniel PASSARELLA,Nery PUMPIDO,Sergio GOYCOCHEA,Diego SIMEONE,VERON,SORIN,MASCHERANO,MESSI,Carlos QUEIR�S (POR),Y.GOLMOHAMMADI,J. NEKOUNAM,Carlos QUEIR�S (POR),Carlos QUEIR�S (POR),Carlos QUEIR�S (POR),Carlos QUEIR�S (POR),J. NEKOUNAM,Carlos QUEIR�S (POR),Carlos QUEIR�S (POR),Carlos QUEIR�S (POR),Carlos QUEIR�S (POR),78,80,78,80,65,90,86,67,65,83,93,65,88,76,76,76,76,88,76,76,76,76
2014.0,21 Jun 2014 - 16:00 ,Group G,Germany,2.0,2.0,Ghana,59621.0,0.0,0.0,RICCI Sandro (BRA),DE CARVALHO Emerson (BRA),VAN GASSE Marcelo (BRA),GER,GHA,LOEW Joachim (GER),MATTH�US,Juergen KLINSMANN,KAHN,SCHNEIDER,BALLACK,LAHM,Juergen KLINSMANN,LAHM,SCHNEIDER,Juergen KLINSMANN,KAHN,APPIAH James (GHA),S. APPIAH,MENSAH,A. GYAN,S. APPIAH,S. APPIAH,S. APPIAH,A. GYAN,A. GYAN,A. GYAN,A. GYAN,A. GYAN,65,61,65,83,65,65,61,65,83,61,65,89,76,89,89,89,89,89,89,89,89,89
2014.0,21 Jun 2014 - 18:00 ,Group F,Nigeria,1.0,0.0,"rn"">Bosnia and Herzegovina",40499.0,1.0,0.0,Peter O'LEARY (NZL),HINTZ Jan Hendrik (NZL),RULE Mark (NZL),NGA,BIH,KESHI Stephen (NGA),Stephen KESHI,UCHE,ENYEAMA,KANU,YOBO,ENYEAMA,ENYEAMA,ENYEAMA,Stephen KESHI,ENYEAMA,YOBO,SUSIC Safet (BIH),SPAHI?,SUSIC Safet (BIH),SUSIC Safet (BIH),SUSIC Safet (BIH),SUSIC Safet (BIH),SUSIC Safet (BIH),SUSIC Safet (BIH),SUSIC Safet (BIH),SUSIC Safet (BIH),SUSIC Safet (BIH),SUSIC Safet (BIH),74,76,80,74,65,80,80,80,74,80,65,65,65,65,65,65,65,65,65,65,65,65
2014.0,22 Jun 2014 - 13:00 ,Group H,Belgium,1.0,0.0,Russia,73819.0,0.0,0.0,BRYCH Felix (GER),BORSCH Mark (GER),LUPP Stefan (GER),BEL,RUS,WILMOTS Marc (BEL),Paul VAN HIMST,Jean Marie PFAFF,Eric GERETS,Jan CEULEMANS,Georges GRUN,SCIFO,Franky VAN DER ELST,Enzo SCIFO,WILMOTS,VERTONGHEN,KOMPANY,SADYRIN Pavel (RUS),Dmitri KHARIN,Dmitri KHARIN,Dmitri KHARIN,Dmitri KHARIN,SADYRIN Pavel (RUS),Dmitri KHARIN,SADYRIN Pavel (RUS),SADYRIN Pavel (RUS),SADYRIN Pavel (RUS),SADYRIN Pavel (RUS),Dmitri KHARIN,87,74,80,85,65,65,87,71,65,85,85,65,65,65,65,72,65,72,72,72,72,65
2014.0,22 Jun 2014 - 16:00 ,Group H,Korea Republic,2.0,4.0,Algeria,42732.0,0.0,3.0,ROLDAN Wilmar (COL),DIAZ Eduardo (COL),LESCANO Christian (ECU),KOR,ALG,HONG Myungbo (KOR),PARK Chang Sun,CHOI In Young,LEE Woonjae,KIM B. J.,YOO S. C.,M B HONG,JISUNG,J C KOO,CHOI In Young,PARK Chang Sun,J C KOO,HALILHODZIC Vahid (BIH),Nasser DRID,YAHIA,BOUGUERRA,HALLICHE,HALILHODZIC Vahid (BIH),HALILHODZIC Vahid (BIH),HALILHODZIC Vahid (BIH),HALILHODZIC Vahid (BIH),HALLICHE,HALILHODZIC Vahid (BIH),BOUGUERRA,78,89,77,88,89,93,65,94,89,78,94,72,72,65,71,65,65,65,65,71,65,65
2014.0,22 Jun 2014 - 18:00 ,Group G,USA,2.0,2.0,Portugal,40123.0,0.0,1.0,PITANA Nestor (ARG),MAIDANA Hernan (ARG),BELATTI Juan Pablo (ARG),USA,POR,KLINSMANN Juergen (GER),Tom FLORIE,Tony MEOLA,Michael WINDISCHMANN,Thomas DOOLEY,STEWART,FRIEDEL,REYNA,BOCANEGRA,DEMPSEY,Tom FLORIE,REYNA,PAULO BENTO (POR),MARIO COLUNA,GOMES,FIGO,RICARDO,PAULETA,RONALDO,BETO,EDUARDO,GOMES,RICARDO,GOMES,76,71,65,80,72,65,70,74,78,76,70,81,82,67,80,65,94,76,76,82,80,82
2014.0,23 Jun 2014 - 13:00 ,Group B,Australia,0.0,3.0,Spain,39375.0,0.0,1.0,SHUKRALLA Nawaf (BHR),TULEFAT Yaser (BHR),SALEH Ebrahim (BHR),AUS,ESP,POSTECOGLOU Ange (AUS),NEILL,JEDINAK,NEILL,NEILL,POSTECOGLOU Ange (AUS),POSTECOGLOU Ange (AUS),POSTECOGLOU Ange (AUS),POSTECOGLOU Ange (AUS),POSTECOGLOU Ange (AUS),NEILL,JEDINAK,DEL BOSQUE Vicente (ESP),ZARRA,Juan Manuel ASENSI,Jose Antonio CAMACHO,Emilio BUTRAGUENO,NADAL,ZUBIZARRETA,HIERRO,RAUL,I. CASILLAS,RAMOS,Emilio BUTRAGUENO,68,65,68,68,75,75,75,75,75,68,65,65,84,81,74,64,65,65,74,87,90,74
2014.0,23 Jun 2014 - 13:00 ,Group B,Netherlands,2.0,0.0,Chile,62996.0,0.0,0.0,Bakary GASSAMA (GAM),MENKOUANDE Evarist (CMR),KABANDA Felicien (RWA),NED,CHI,Louis VAN GAAL (NED),Johan CRUYFF,Piet SCHRIJVERS,Jan JONGBLOED,Ruud KROL,Ruud GULLIT,Ronald KOEMAN,V. BRONCKHORST,STEKELENBURG,CILLESSEN,VORM,KRUL,ACOSTA Nelson (URU),Guillermo SUBIABRE,Jorge TORO,Francisco VALDES,Ivan ZAMORANO,Nelson TAPIA,Nelson TAPIA,Francisco VALDES,Nelson TAPIA,Nelson TAPIA,Jorge TORO,Nelson TAPIA,74,75,85,71,71,94,85,75,81,79,77,70,78,75,82,72,72,75,72,72,78,72
2014.0,23 Jun 2014 - 17:00 ,Group A,Cameroon,1.0,4.0,Brazil,69112.0,1.0,2.0,ERIKSSON Jonas (SWE),KLASENIUS Mathias (SWE),WARNMARK Daniel (SWE),CMR,BRA,Paul LE GUEN (FRA),Thomas NKONO,Stephen TATAW,SONGO'O,Francois OMAM-BIYIK,SONG,ETO'O,Paul LE GUEN (FRA),SONG,Thomas NKONO,SONGO'O,SONG,SCOLARI Luiz Felipe (BRA),PREGUINHO,LEONIDAS,WILSON PIAZZA,MARINHO PERES,SOCRATES,WALDIR PERES,RICARDO GOMES,DUNGA,CAFU,DIDA,T SILVA,80,74,62,53,77,81,91,77,80,62,77,65,65,76,78,65,78,82,65,65,80,94
2014.0,23 Jun 2014 - 17:00 ,Group A,Croatia,1.0,3.0,Mexico,41212.0,0.0,0.0,Ravshan IRMATOV (UZB),RASULOV Abduxamidullo (UZB),KOCHKAROV Bakhadyr (KGZ),CRO,MEX,KRANJCAR Zlatko (CRO),Davor SUKER,Zvonimir BOBAN,SUKER,N. KOVAC,PLETIKOSA,Zvonimir BOBAN,Davor SUKER,Davor SUKER,Davor SUKER,Davor SUKER,Zvonimir BOBAN,Javier AGUIRRE (MEX),Horacio CASARIN,Gustavo PENA,Arturo VAZQUEZ,Jose REYES,Pedro SOTO,Tomas BOY,CAMPOS,Alberto GARCIA ASPE,O. PEREZ,G TORRADO,R MARQUEZ,65,65,65,87,65,65,65,65,65,65,65,67,80,63,77,84,77,76,81,83,90,94
2014.0,24 Jun 2014 - 13:00 ,Group D,Italy,0.0,1.0,Uruguay,39706.0,0.0,0.0,RODRIGUEZ Marco (MEX),TORRENTERA Marvin (MEX),QUINTERO Marcos (MEX),ITA,URU,LIPPI Marcello (ITA),Giuseppe MEAZZA,Riccardo CARAPELLESE,Giampiero BONIPERTI,Egisto PANDOLFINI,Gaetano SCIREA,PAGLIUCA,Franco BARESI,MALDINI,BUFFON,MARCHETTI,CANNAVARO,TABAREZ Oscar (URU),Pedro ROCHA,Luis UBINA,Juan MASNIK,Jorge BARRIOS,Fernando ALVEZ,Enzo FRANCESCOLI,F.CARINI,P.MONTERO,LUGANO,D. GODIN,F. MUSLERA,65,65,65,65,65,65,68,65,89,80,75,84,79,84,78,81,71,65,65,65,88,86
2014.0,24 Jun 2014 - 13:00 ,Group D,Costa Rica,0.0,0.0,England,57823.0,0.0,0.0,HAIMOUDI Djamel (ALG),ACHIK Redouane (MAR),ETCHIALI Abdelhak (ALG),CRC,ENG,PINTO Jorge Luis (COL),Roger FLORES,MARIN L.,RUIZ B.,NAVAS K.,RUIZ B.,RUIZ B.,RUIZ B.,NAVAS K.,MARIN L.,RUIZ B.,MARIN L.,CAPELLO Fabio (ITA),Bryan ROBSON,Terry BUTCHER,Alan SHEARER,David SEAMAN,BECKHAM,ROBINSON,GERRARD,Bryan ROBSON,Terry BUTCHER,Bryan ROBSON,BECKHAM,76,93,85,89,85,85,85,89,93,85,93,73,78,78,87,65,69,65,73,78,73,65
2014.0,24 Jun 2014 - 16:00 ,Group C,Japan,1.0,4.0,Colombia,40340.0,1.0,1.0,PROENCA Pedro (POR),MIRANDA Bertino (POR),TRIGO Jose (POR),JPN,COL,OKADA Takeshi (JPN),Masami IHARA,MORIOKA,MIYAMOTO,KAWAGUCHI,HASEBE,HASEBE,MIYAMOTO,MIYAMOTO,MORIOKA,Masami IHARA,MORIOKA,PEKERMAN Jose (ARG),Francisco ZULUAGA,Carlos VALDERRAMA,VALDERRAMA,OSPINA,MONDRAGON,YEPES,MONDRAGON,VALDERRAMA,Carlos VALDERRAMA,OSPINA,MONDRAGON,64,68,65,54,77,77,65,65,68,64,68,75,76,65,79,65,65,65,65,76,79,65
2014.0,24 Jun 2014 - 17:00 ,Group C,Greece,2.0,1.0,C�te d'Ivoire,59095.0,1.0,0.0,VERA Carlos (ECU),LESCANO Christian (ECU),ROMERO Byron (ECU),GRE,CIV,SANTOS Fernando (POR),Tassos MITROPOULOS,KARAGOUNIS,KATSOURANIS,KARNEZIS,GLYKOS,KATSOURANIS,GLYKOS,GLYKOS,KARNEZIS,GLYKOS,GLYKOS,MICHEL Henri (FRA),DROGBA,DOMORAUD,DROGBA,DROGBA,DOMORAUD,DROGBA,DOMORAUD,DOMORAUD,DOMORAUD,DROGBA,DROGBA,65,63,65,82,71,65,71,71,82,71,71,65,67,65,65,67,65,67,67,67,65,65
2014.0,25 Jun 2014 - 13:00 ,Group F,Nigeria,2.0,3.0,Argentina,43285.0,1.0,2.0,Nicola RIZZOLI (ITA),Renato FAVERANI (ITA),Andrea STEFANI (ITA),NGA,ARG,KESHI Stephen (NGA),Stephen KESHI,UCHE,ENYEAMA,KANU,YOBO,Stephen KESHI,KESHI Stephen (NGA),Stephen KESHI,ENYEAMA,KESHI Stephen (NGA),Stephen KESHI,SABELLA Alejandro (ARG),Ruben NAVARRO,Roberto PERFUMO,Daniel PASSARELLA,Diego MARADONA,Sergio GOYCOCHEA,Oscar RUGGERI,Diego SIMEONE,Carlos ROA,VERON,BATISTUTA,MASCHERANO,74,76,80,74,65,74,74,74,80,74,74,78,83,80,86,90,83,86,76,67,65,83
2014.0,25 Jun 2014 - 13:00 ,Group F,"rn"">Bosnia and Herzegovina",3.0,1.0,IR Iran,48011.0,1.0,0.0,Carlos VELASCO CARBALLO (ESP),ALONSO FERNANDEZ Roberto (ESP),YUSTE Juan (ESP),BIH,IRN,SUSIC Safet (BIH),SPAHI?,SPAHI?,SUSIC Safet (BIH),SUSIC Safet (BIH),SUSIC Safet (BIH),SUSIC Safet (BIH),SPAHI?,SUSIC Safet (BIH),SUSIC Safet (BIH),SUSIC Safet (BIH),SUSIC Safet (BIH),Carlos QUEIR�S (POR),Y.GOLMOHAMMADI,J. NEKOUNAM,J. NEKOUNAM,Carlos QUEIR�S (POR),Carlos QUEIR�S (POR),J. NEKOUNAM,J. NEKOUNAM,J. NEKOUNAM,J. NEKOUNAM,J. NEKOUNAM,J. NEKOUNAM,65,65,65,65,65,65,65,65,65,65,65,65,88,88,76,76,88,88,88,88,88,88
2014.0,25 Jun 2014 - 16:00 ,Group E,Honduras,0.0,3.0,Switzerland,40322.0,0.0,2.0,PITANA Nestor (ARG),MAIDANA Hernan (ARG),BELATTI Juan Pablo (ARG),HON,SUI,SUAREZ Luis (COL),Ramon MARADIAGA,GUEVARRA,VALLADARES,Ramon MARADIAGA,Ramon MARADIAGA,VALLADARES,GUEVARRA,SUAREZ Luis (COL),Ramon MARADIAGA,SUAREZ Luis (COL),SUAREZ Luis (COL),HITZFELD Ottmar (GER),Marco PASCOLO,VOGEL,BENAGLIO,FREI,HITZFELD Ottmar (GER),HITZFELD Ottmar (GER),Marco PASCOLO,BENAGLIO,VOGEL,BENAGLIO,BENAGLIO,71,65,65,71,71,65,65,79,71,79,79,84,65,77,76,65,65,84,77,65,77,77
2014.0,25 Jun 2014 - 17:00 ,Group E,Ecuador,0.0,0.0,France,73749.0,0.0,0.0,Noumandiez DOUE (CIV),YEO Songuifolo (CIV),BIRUMUSHAHU Jean Claude (BDI),ECU,FRA,RUEDA Reinaldo (COL),AGUINAGA,CEVALLOS,I. HURTADO,C. MORA,M. AYOVI,A. VALENCIA,AGUINAGA,RUEDA Reinaldo (COL),A. VALENCIA,AGUINAGA,AGUINAGA,DOMENECH Raymond (FRA),Jean Paul BERTRAND DEMANES,Michel PLATINI,Didier DESCHAMPS,ZIDANE,VIEIRA,EVRA,A. DIARRA,EVRA,Michel PLATINI,Jean Paul BERTRAND DEMANES,Didier DESCHAMPS,65,65,87,87,92,89,65,61,89,65,65,81,76,65,64,71,80,89,80,76,81,65
2014.0,26 Jun 2014 - 13:00 ,Group G,USA,0.0,1.0,Germany,41876.0,0.0,0.0,Ravshan IRMATOV (UZB),RASULOV Abduxamidullo (UZB),KOCHKAROV Bakhadyr (KGZ),USA,GER,KLINSMANN Juergen (GER),Tom FLORIE,Tony MEOLA,Michael WINDISCHMANN,Thomas DOOLEY,STEWART,FRIEDEL,REYNA,BOCANEGRA,DEMPSEY,Tom FLORIE,Tony MEOLA,LOEW Joachim (GER),MATTH�US,Juergen KLINSMANN,KAHN,SCHNEIDER,BALLACK,LAHM,BALLACK,Juergen KLINSMANN,Juergen KLINSMANN,Juergen KLINSMANN,Juergen KLINSMANN,76,71,65,80,72,65,70,74,78,76,71,65,61,65,83,65,65,65,61,61,61,61
2014.0,26 Jun 2014 - 13:00 ,Group G,Portugal,2.0,1.0,Ghana,67540.0,1.0,0.0,SHUKRALLA Nawaf (BHR),TULEFAT Yaser (BHR),SALEH Ebrahim (BHR),POR,GHA,PAULO BENTO (POR),MARIO COLUNA,GOMES,FIGO,RICARDO,PAULETA,RONALDO,BETO,EDUARDO,GOMES,PAULETA,BETO,APPIAH James (GHA),S. APPIAH,MENSAH,A. GYAN,MENSAH,MENSAH,MENSAH,APPIAH James (GHA),MENSAH,MENSAH,MENSAH,MENSAH,81,82,67,80,65,94,76,76,82,65,76,89,76,89,76,76,76,73,76,76,76,76
2014.0,26 Jun 2014 - 17:00 ,Group H,Korea Republic,0.0,1.0,Belgium,61397.0,0.0,0.0,Ben WILLIAMS (AUS),CREAM Matthew (AUS),ANAZ Hakan (AUS),KOR,BEL,HONG Myungbo (KOR),PARK Chang Sun,CHOI In Young,LEE Woonjae,KIM B. J.,YOO S. C.,M B HONG,JISUNG,J C KOO,J C KOO,LEE Woonjae,LEE Woonjae,WILMOTS Marc (BEL),Paul VAN HIMST,Jean Marie PFAFF,Eric GERETS,Jan CEULEMANS,Georges GRUN,SCIFO,Franky VAN DER ELST,Enzo SCIFO,WILMOTS,VERTONGHEN,KOMPANY,78,89,77,88,89,93,65,94,94,77,77,87,74,80,85,65,65,87,71,65,85,85
2014.0,26 Jun 2014 - 17:00 ,Group H,Algeria,1.0,1.0,Russia,39311.0,0.0,1.0,C�neyt �AKIR (TUR),DURAN Bahattin (TUR),ONGUN Tarik (TUR),ALG,RUS,HALILHODZIC Vahid (BIH),Nasser DRID,YAHIA,BOUGUERRA,HALLICHE,Nasser DRID,Nasser DRID,HALILHODZIC Vahid (BIH),HALILHODZIC Vahid (BIH),HALILHODZIC Vahid (BIH),Nasser DRID,HALILHODZIC Vahid (BIH),SADYRIN Pavel (RUS),Dmitri KHARIN,Dmitri KHARIN,Dmitri KHARIN,SADYRIN Pavel (RUS),SADYRIN Pavel (RUS),SADYRIN Pavel (RUS),Dmitri KHARIN,SADYRIN Pavel (RUS),SADYRIN Pavel (RUS),Dmitri KHARIN,SADYRIN Pavel (RUS),72,72,65,71,72,72,65,65,65,72,65,65,65,65,72,72,72,65,72,72,65,72
2014.0,28 Jun 2014 - 13:00 ,Round of 16,Brazil,1.0,1.0,Chile,57714.0,0.0,0.0,WEBB Howard (ENG),MULLARKEY Michael (ENG),Darren CANN (ENG),BRA,CHI,SCOLARI Luiz Felipe (BRA),PREGUINHO,CARLOS ALBERTO,WILSON PIAZZA,MARINHO PERES,SOCRATES,WALDIR PERES,EDINHO,RICARDO GOMES,CAFU,DIDA,JULIO CESAR,ACOSTA Nelson (URU),Guillermo SUBIABRE,Jorge TORO,Francisco VALDES,Ivan ZAMORANO,Nelson TAPIA,Jorge TORO,Ivan ZAMORANO,Jorge TORO,Francisco VALDES,Nelson TAPIA,Guillermo SUBIABRE,65,77,76,78,65,78,73,82,65,80,76,70,78,75,82,72,78,82,78,75,72,70
2014.0,28 Jun 2014 - 17:00 ,Round of 16,Colombia,2.0,0.0,Uruguay,73804.0,1.0,0.0,Bj�rn KUIPERS (NED),Sander VAN ROEKEL (NED),Erwin ZEINSTRA (NED),COL,URU,PEKERMAN Jose (ARG),Francisco ZULUAGA,Carlos VALDERRAMA,VALDERRAMA,OSPINA,MONDRAGON,YEPES,PEKERMAN Jose (ARG),PEKERMAN Jose (ARG),VALDERRAMA,VALDERRAMA,Francisco ZULUAGA,TABAREZ Oscar (URU),Obdulio VARELA,Pedro ROCHA,Luis UBINA,Juan MASNIK,Fernando ALVEZ,Enzo FRANCESCOLI,LUGANO,FORLAN,D. LUGANO,D. GODIN,F. MUSLERA,75,76,65,79,65,65,75,75,65,65,75,77,84,79,84,81,71,65,65,88,88,86
2014.0,30 Jun 2014 - 13:00 ,Round of 16,France,2.0,0.0,Nigeria,67882.0,0.0,0.0,GEIGER Mark (USA),HURD Sean (USA),FLETCHER Joe (CAN),FRA,NGA,DOMENECH Raymond (FRA),Jean Paul BERTRAND DEMANES,Michel PLATINI,Didier DESCHAMPS,ZIDANE,VIEIRA,EVRA,A. DIARRA,Michel PLATINI,VIEIRA,DOMENECH Raymond (FRA),VIEIRA,KESHI Stephen (NGA),Stephen KESHI,UCHE,ENYEAMA,KANU,YOBO,KESHI Stephen (NGA),YOBO,YOBO,KESHI Stephen (NGA),KANU,ENYEAMA,81,76,65,64,71,80,89,76,71,65,71,74,76,80,74,65,74,65,65,74,74,80
2014.0,04 Jul 2014 - 17:00 ,Quarter-finals,Brazil,2.0,1.0,Colombia,60342.0,1.0,0.0,Carlos VELASCO CARBALLO (ESP),ALONSO FERNANDEZ Roberto (ESP),YUSTE Juan (ESP),BRA,COL,SCOLARI Luiz Felipe (BRA),PREGUINHO,CARLOS ALBERTO,WILSON PIAZZA,MARINHO PERES,EDINHO,RICARDO GOMES,DUNGA,CAFU,DIDA,R. CENI,T SILVA,PEKERMAN Jose (ARG),Francisco ZULUAGA,Carlos VALDERRAMA,VALDERRAMA,OSPINA,MONDRAGON,YEPES,MONDRAGON,YEPES,YEPES,YEPES,OSPINA,65,77,76,78,73,82,65,65,80,91,94,75,76,65,79,65,65,65,65,65,65,79
2014.0,04 Jul 2014 - 13:00 ,Quarter-finals,France,0.0,1.0,Germany,74240.0,0.0,1.0,PITANA Nestor (ARG),MAIDANA Hernan (ARG),BELATTI Juan Pablo (ARG),FRA,GER,DOMENECH Raymond (FRA),Jean Paul BERTRAND DEMANES,Michel PLATINI,Didier DESCHAMPS,ZIDANE,VIEIRA,EVRA,A. DIARRA,Michel PLATINI,Didier DESCHAMPS,Jean Paul BERTRAND DEMANES,DOMENECH Raymond (FRA),LOEW Joachim (GER),MATTH�US,Juergen KLINSMANN,KAHN,SCHNEIDER,BALLACK,LAHM,BALLACK,LAHM,KAHN,Juergen KLINSMANN,BALLACK,81,76,65,64,71,80,89,76,65,81,65,65,61,65,83,65,65,65,65,65,61,65
2014.0,08 Jul 2014 - 17:00 ,Semi-finals,Brazil,1.0,7.0,Germany,58141.0,0.0,5.0,RODRIGUEZ Marco (MEX),TORRENTERA Marvin (MEX),QUINTERO Marcos (MEX),BRA,GER,SCOLARI Luiz Felipe (BRA),PREGUINHO,MARINHO PERES,SOCRATES,WALDIR PERES,EDINHO,RICARDO GOMES,DUNGA,CAFU,DIDA,R. CENI,JULIO CESAR,LOEW Joachim (GER),MATTH�US,Juergen KLINSMANN,KAHN,SCHNEIDER,BALLACK,LAHM,Juergen KLINSMANN,Juergen KLINSMANN,SCHNEIDER,SCHNEIDER,SCHNEIDER,65,78,65,78,73,82,65,65,80,91,76,65,61,65,83,65,65,61,61,83,83,83
2014.0,12 Jul 2014 - 17:00 ,Play-off for third place,Brazil,0.0,3.0,Netherlands,68034.0,0.0,2.0,HAIMOUDI Djamel (ALG),ACHIK Redouane (MAR),ETCHIALI Abdelhak (ALG),BRA,NED,SCOLARI Luiz Felipe (BRA),LEONIDAS,WILSON PIAZZA,MARINHO PERES,EDINHO,RICARDO GOMES,RAI,DUNGA,CAFU,DIDA,R. CENI,T SILVA,Louis VAN GAAL (NED),Piet SCHRIJVERS,Jan JONGBLOED,Ruud KROL,Ruud GULLIT,Ronald KOEMAN,V. BRONCKHORST,STEKELENBURG,V. PERSIE,CILLESSEN,VORM,KRUL,65,76,78,73,82,77,65,65,80,91,94,75,85,71,71,94,85,75,85,81,79,77
2014.0,13 Jul 2014 - 16:00 ,Final,Germany,1.0,0.0,Argentina,74738.0,0.0,0.0,Nicola RIZZOLI (ITA),Renato FAVERANI (ITA),Andrea STEFANI (ITA),GER,ARG,LOEW Joachim (GER),MATTH�US,Juergen KLINSMANN,KAHN,SCHNEIDER,BALLACK,LAHM,BALLACK,KAHN,KAHN,Juergen KLINSMANN,KAHN,SABELLA Alejandro (ARG),Ruben NAVARRO,Roberto PERFUMO,Miguel BRINDISI,Nery PUMPIDO,Oscar RUGGERI,Diego SIMEONE,Carlos ROA,BATISTUTA,SORIN,ABBONDANZIERI,MESSI,65,61,65,83,65,65,65,65,65,61,65,78,83,78,65,83,86,76,65,65,65,93
2014.0,09 Jul 2014 - 17:00 ,Semi-finals,Netherlands,0.0,0.0,Argentina,63267.0,0.0,0.0,C�neyt �AKIR (TUR),DURAN Bahattin (TUR),ONGUN Tarik (TUR),NED,ARG,Louis VAN GAAL (NED),Johan CRUYFF,Piet SCHRIJVERS,Jan JONGBLOED,Ruud KROL,Ronald KOEMAN,V. BRONCKHORST,STEKELENBURG,V. PERSIE,CILLESSEN,VORM,KRUL,SABELLA Alejandro (ARG),Ruben NAVARRO,Roberto PERFUMO,Daniel PASSARELLA,Diego MARADONA,Nery PUMPIDO,Sergio GOYCOCHEA,Diego SIMEONE,Carlos ROA,SORIN,ABBONDANZIERI,MESSI,74,75,85,71,94,85,75,85,81,79,77,78,83,80,86,65,90,86,76,65,65,93
2014.0,05 Jul 2014 - 17:00 ,Quarter-finals,Netherlands,0.0,0.0,Costa Rica,51179.0,0.0,0.0,Ravshan IRMATOV (UZB),RASULOV Abduxamidullo (UZB),KOCHKAROV Bakhadyr (KGZ),NED,CRC,Louis VAN GAAL (NED),Johan CRUYFF,Piet SCHRIJVERS,Jan JONGBLOED,Ruud KROL,Ruud GULLIT,Ronald KOEMAN,V. BRONCKHORST,STEKELENBURG,V. PERSIE,VORM,KRUL,PINTO Jorge Luis (COL),Roger FLORES,MARIN L.,RUIZ B.,NAVAS K.,Roger FLORES,Roger FLORES,MARIN L.,Roger FLORES,MARIN L.,MARIN L.,Roger FLORES,74,75,85,71,71,94,85,75,85,79,77,76,93,85,89,76,76,93,76,93,93,76
2014.0,05 Jul 2014 - 13:00 ,Quarter-finals,Argentina,1.0,0.0,Belgium,68551.0,1.0,0.0,Nicola RIZZOLI (ITA),Renato FAVERANI (ITA),Andrea STEFANI (ITA),ARG,BEL,SABELLA Alejandro (ARG),Antonio RATTIN,Miguel BRINDISI,Diego MARADONA,Nery PUMPIDO,Sergio GOYCOCHEA,Diego SIMEONE,Carlos ROA,VERON,ABBONDANZIERI,MASCHERANO,MESSI,WILMOTS Marc (BEL),Paul VAN HIMST,Jean Marie PFAFF,Eric GERETS,Jan CEULEMANS,Georges GRUN,SCIFO,Franky VAN DER ELST,Enzo SCIFO,WILMOTS,VERTONGHEN,KOMPANY,80,78,86,65,90,86,76,67,65,83,93,87,74,80,85,65,65,87,71,65,85,85
2014.0,29 Jun 2014 - 13:00 ,Round of 16,Netherlands,2.0,1.0,Mexico,58817.0,0.0,0.0,PROENCA Pedro (POR),MIRANDA Bertino (POR),TRIGO Jose (POR),NED,MEX,Louis VAN GAAL (NED),Johan CRUYFF,Piet SCHRIJVERS,Jan JONGBLOED,Ruud GULLIT,Ronald KOEMAN,V. BRONCKHORST,STEKELENBURG,V. PERSIE,CILLESSEN,VORM,KRUL,Javier AGUIRRE (MEX),Horacio CASARIN,Gustavo PENA,Arturo VAZQUEZ,Jose REYES,Tomas BOY,CAMPOS,Alberto GARCIA ASPE,O. PEREZ,R. MARQUEZ,C BLANCO,R MARQUEZ,74,75,85,71,94,85,75,85,81,79,77,67,80,63,77,77,76,81,83,91,94,94
2014.0,29 Jun 2014 - 17:00 ,Round of 16,Costa Rica,1.0,1.0,Greece,41242.0,0.0,0.0,Ben WILLIAMS (AUS),CREAM Matthew (AUS),ANAZ Hakan (AUS),CRC,GRE,PINTO Jorge Luis (COL),Roger FLORES,MARIN L.,RUIZ B.,NAVAS K.,PINTO Jorge Luis (COL),RUIZ B.,NAVAS K.,Roger FLORES,Roger FLORES,Roger FLORES,PINTO Jorge Luis (COL),SANTOS Fernando (POR),Tassos MITROPOULOS,KARAGOUNIS,KATSOURANIS,KARNEZIS,GLYKOS,SANTOS Fernando (POR),GLYKOS,GLYKOS,GLYKOS,KATSOURANIS,GLYKOS,76,93,85,89,79,85,89,76,76,76,79,65,63,65,82,71,81,71,71,71,65,71
2014.0,01 Jul 2014 - 13:00 ,Round of 16,Argentina,1.0,0.0,Switzerland,63255.0,0.0,0.0,ERIKSSON Jonas (SWE),KLASENIUS Mathias (SWE),WARNMARK Daniel (SWE),ARG,SUI,SABELLA Alejandro (ARG),Miguel BRINDISI,Daniel PASSARELLA,Diego MARADONA,Sergio GOYCOCHEA,Diego SIMEONE,Carlos ROA,VERON,SORIN,ABBONDANZIERI,MASCHERANO,MESSI,HITZFELD Ottmar (GER),Marco PASCOLO,VOGEL,BENAGLIO,FREI,FREI,FREI,FREI,BENAGLIO,FREI,Marco PASCOLO,HITZFELD Ottmar (GER),78,80,86,90,86,76,67,65,65,83,93,84,65,77,76,76,76,76,77,76,84,65
2014.0,01 Jul 2014 - 17:00 ,Round of 16,Belgium,2.0,1.0,USA,51227.0,0.0,0.0,HAIMOUDI Djamel (ALG),ACHIK Redouane (MAR),ETCHIALI Abdelhak (ALG),BEL,USA,WILMOTS Marc (BEL),Paul VAN HIMST,Jean Marie PFAFF,Eric GERETS,Jan CEULEMANS,Georges GRUN,SCIFO,Franky VAN DER ELST,Enzo SCIFO,WILMOTS,VERTONGHEN,KOMPANY,KLINSMANN Juergen (GER),Tom FLORIE,Tony MEOLA,Michael WINDISCHMANN,Thomas DOOLEY,STEWART,FRIEDEL,REYNA,BOCANEGRA,DEMPSEY,FRIEDEL,BOCANEGRA,87,74,80,85,65,65,87,71,65,85,85,76,71,65,80,72,65,70,74,78,65,74
2014.0,28 Jun 2014 - 13:00 ,Round of 16,Brazil,1.0,1.0,Chile,57714.0,0.0,0.0,WEBB Howard (ENG),MULLARKEY Michael (ENG),Darren CANN (ENG),BRA,CHI,SCOLARI Luiz Felipe (BRA),PREGUINHO,LEONIDAS,CARLOS ALBERTO,WILSON PIAZZA,MARINHO PERES,WALDIR PERES,EDINHO,RICARDO GOMES,RAI,DUNGA,DIDA,ACOSTA Nelson (URU),Guillermo SUBIABRE,Jorge TORO,Francisco VALDES,Ivan ZAMORANO,Nelson TAPIA,Jorge TORO,Ivan ZAMORANO,Jorge TORO,Jorge TORO,ACOSTA Nelson (URU),ACOSTA Nelson (URU),65,65,77,76,78,78,73,82,77,65,80,70,78,75,82,72,78,82,78,78,79,79
2014.0,28 Jun 2014 - 17:00 ,Round of 16,Colombia,2.0,0.0,Uruguay,73804.0,1.0,0.0,Bj�rn KUIPERS (NED),Sander VAN ROEKEL (NED),Erwin ZEINSTRA (NED),COL,URU,PEKERMAN Jose (ARG),Francisco ZULUAGA,Carlos VALDERRAMA,VALDERRAMA,OSPINA,MONDRAGON,YEPES,OSPINA,OSPINA,OSPINA,OSPINA,OSPINA,TABAREZ Oscar (URU),Horacio TROCHE,Luis UBINA,Juan MASNIK,Jorge BARRIOS,Fernando ALVEZ,F.CARINI,LUGANO,FORLAN,D. LUGANO,D. GODIN,F. MUSLERA,75,76,65,79,65,65,79,79,79,79,79,65,79,84,78,81,65,65,65,88,88,86
2014.0,29 Jun 2014 - 13:00 ,Round of 16,Netherlands,2.0,1.0,Mexico,58817.0,0.0,0.0,PROENCA Pedro (POR),MIRANDA Bertino (POR),TRIGO Jose (POR),NED,MEX,Louis VAN GAAL (NED),Johan CRUYFF,Piet SCHRIJVERS,Jan JONGBLOED,Ruud KROL,Ruud GULLIT,Ronald KOEMAN,V. BRONCKHORST,V. PERSIE,CILLESSEN,VORM,KRUL,Javier AGUIRRE (MEX),Horacio CASARIN,Gustavo PENA,Arturo VAZQUEZ,Jose REYES,Tomas BOY,CAMPOS,Alberto GARCIA ASPE,O. PEREZ,G TORRADO,C BLANCO,R MARQUEZ,74,75,85,71,71,94,85,85,81,79,77,67,80,63,77,77,76,81,83,90,94,94
2014.0,29 Jun 2014 - 17:00 ,Round of 16,Costa Rica,1.0,1.0,Greece,41242.0,0.0,0.0,Ben WILLIAMS (AUS),CREAM Matthew (AUS),ANAZ Hakan (AUS),CRC,GRE,PINTO Jorge Luis (COL),Roger FLORES,MARIN L.,RUIZ B.,NAVAS K.,RUIZ B.,RUIZ B.,MARIN L.,MARIN L.,PINTO Jorge Luis (COL),PINTO Jorge Luis (COL),PINTO Jorge Luis (COL),SANTOS Fernando (POR),Tassos MITROPOULOS,KARAGOUNIS,KATSOURANIS,KARNEZIS,GLYKOS,GLYKOS,GLYKOS,KARNEZIS,KATSOURANIS,KARAGOUNIS,KATSOURANIS,76,93,85,89,85,85,93,93,79,79,79,65,63,65,82,71,71,71,82,65,63,65
2014.0,30 Jun 2014 - 13:00 ,Round of 16,France,2.0,0.0,Nigeria,67882.0,0.0,0.0,GEIGER Mark (USA),HURD Sean (USA),FLETCHER Joe (CAN),FRA,NGA,DOMENECH Raymond (FRA),Jean Paul BERTRAND DEMANES,Michel PLATINI,Didier DESCHAMPS,ZIDANE,VIEIRA,EVRA,A. DIARRA,A. DIARRA,Didier DESCHAMPS,Jean Paul BERTRAND DEMANES,A. DIARRA,KESHI Stephen (NGA),Stephen KESHI,UCHE,ENYEAMA,KANU,YOBO,KANU,KANU,KANU,KANU,KANU,UCHE,81,76,65,64,71,80,89,89,65,81,89,74,76,80,74,65,74,74,74,74,74,76
2014.0,01 Jul 2014 - 13:00 ,Round of 16,Argentina,1.0,0.0,Switzerland,63255.0,0.0,0.0,ERIKSSON Jonas (SWE),KLASENIUS Mathias (SWE),WARNMARK Daniel (SWE),ARG,SUI,SABELLA Alejandro (ARG),Roberto PERFUMO,Daniel PASSARELLA,Diego MARADONA,Nery PUMPIDO,Oscar RUGGERI,Diego SIMEONE,Carlos ROA,VERON,BATISTUTA,SORIN,MASCHERANO,HITZFELD Ottmar (GER),Marco PASCOLO,VOGEL,BENAGLIO,FREI,Marco PASCOLO,FREI,BENAGLIO,BENAGLIO,Marco PASCOLO,Marco PASCOLO,BENAGLIO,83,80,86,65,83,86,76,67,65,65,83,84,65,77,76,84,76,77,77,84,84,77
2014.0,01 Jul 2014 - 17:00 ,Round of 16,Belgium,2.0,1.0,USA,51227.0,0.0,0.0,HAIMOUDI Djamel (ALG),ACHIK Redouane (MAR),ETCHIALI Abdelhak (ALG),BEL,USA,WILMOTS Marc (BEL),Paul VAN HIMST,Jean Marie PFAFF,Eric GERETS,Jan CEULEMANS,Georges GRUN,SCIFO,Franky VAN DER ELST,Enzo SCIFO,WILMOTS,VERTONGHEN,KOMPANY,KLINSMANN Juergen (GER),Tom FLORIE,Tony MEOLA,Michael WINDISCHMANN,Thomas DOOLEY,STEWART,FRIEDEL,REYNA,BOCANEGRA,DEMPSEY,REYNA,KLINSMANN Juergen (GER),87,74,80,85,65,65,87,71,65,85,85,76,71,65,80,72,65,70,74,78,70,61
2014.0,04 Jul 2014 - 13:00 ,Quarter-finals,France,0.0,1.0,Germany,74240.0,0.0,1.0,PITANA Nestor (ARG),MAIDANA Hernan (ARG),BELATTI Juan Pablo (ARG),FRA,GER,DOMENECH Raymond (FRA),Jean Paul BERTRAND DEMANES,Michel PLATINI,Didier DESCHAMPS,ZIDANE,VIEIRA,EVRA,A. DIARRA,A. DIARRA,Didier DESCHAMPS,EVRA,Didier DESCHAMPS,LOEW Joachim (GER),MATTH�US,Juergen KLINSMANN,KAHN,SCHNEIDER,BALLACK,LAHM,BALLACK,Juergen KLINSMANN,KAHN,KAHN,KAHN,81,76,65,64,71,80,89,89,65,80,65,65,61,65,83,65,65,65,61,65,65,65
2014.0,04 Jul 2014 - 17:00 ,Quarter-finals,Brazil,2.0,1.0,Colombia,60342.0,1.0,0.0,Carlos VELASCO CARBALLO (ESP),ALONSO FERNANDEZ Roberto (ESP),YUSTE Juan (ESP),BRA,COL,SCOLARI Luiz Felipe (BRA),PREGUINHO,LEONIDAS,CARLOS ALBERTO,WILSON PIAZZA,SOCRATES,EDINHO,RICARDO GOMES,DUNGA,CAFU,R. CENI,T SILVA,PEKERMAN Jose (ARG),Francisco ZULUAGA,Carlos VALDERRAMA,VALDERRAMA,OSPINA,MONDRAGON,YEPES,Carlos VALDERRAMA,Francisco ZULUAGA,Carlos VALDERRAMA,Carlos VALDERRAMA,Carlos VALDERRAMA,65,65,77,76,65,73,82,65,65,91,94,75,76,65,79,65,65,76,75,76,76,76
2014.0,05 Jul 2014 - 13:00 ,Quarter-finals,Argentina,1.0,0.0,Belgium,68551.0,1.0,0.0,Nicola RIZZOLI (ITA),Renato FAVERANI (ITA),Andrea STEFANI (ITA),ARG,BEL,SABELLA Alejandro (ARG),Ruben NAVARRO,Daniel PASSARELLA,Nery PUMPIDO,Sergio GOYCOCHEA,Oscar RUGGERI,Diego SIMEONE,Carlos ROA,VERON,BATISTUTA,ABBONDANZIERI,MASCHERANO,WILMOTS Marc (BEL),Paul VAN HIMST,Jean Marie PFAFF,Eric GERETS,Jan CEULEMANS,Georges GRUN,SCIFO,Franky VAN DER ELST,Enzo SCIFO,WILMOTS,VERTONGHEN,KOMPANY,78,80,65,90,83,86,76,67,65,65,83,87,74,80,85,65,65,87,71,65,85,85
2014.0,05 Jul 2014 - 17:00 ,Quarter-finals,Netherlands,0.0,0.0,Costa Rica,51179.0,0.0,0.0,Ravshan IRMATOV (UZB),RASULOV Abduxamidullo (UZB),KOCHKAROV Bakhadyr (KGZ),NED,CRC,Louis VAN GAAL (NED),Johan CRUYFF,Piet SCHRIJVERS,Jan JONGBLOED,Ruud KROL,Ruud GULLIT,Ronald KOEMAN,V. BRONCKHORST,STEKELENBURG,CILLESSEN,VORM,KRUL,PINTO Jorge Luis (COL),Roger FLORES,MARIN L.,RUIZ B.,NAVAS K.,MARIN L.,PINTO Jorge Luis (COL),PINTO Jorge Luis (COL),MARIN L.,MARIN L.,MARIN L.,MARIN L.,74,75,85,71,71,94,85,75,81,79,77,76,93,85,89,93,79,79,93,93,93,93
2014.0,08 Jul 2014 - 17:00 ,Semi-finals,Brazil,1.0,7.0,Germany,58141.0,0.0,5.0,RODRIGUEZ Marco (MEX),TORRENTERA Marvin (MEX),QUINTERO Marcos (MEX),BRA,GER,SCOLARI Luiz Felipe (BRA),PREGUINHO,LEONIDAS,CARLOS ALBERTO,WILSON PIAZZA,SOCRATES,WALDIR PERES,EDINHO,RAI,DUNGA,CAFU,DIDA,LOEW Joachim (GER),MATTH�US,Juergen KLINSMANN,KAHN,SCHNEIDER,BALLACK,LAHM,KAHN,Juergen KLINSMANN,SCHNEIDER,KAHN,MATTH�US,65,65,77,76,65,78,73,77,65,65,80,65,61,65,83,65,65,65,61,83,65,65
2014.0,09 Jul 2014 - 17:00 ,Semi-finals,Netherlands,0.0,0.0,Argentina,63267.0,0.0,0.0,C�neyt �AKIR (TUR),DURAN Bahattin (TUR),ONGUN Tarik (TUR),NED,ARG,Louis VAN GAAL (NED),Johan CRUYFF,Jan JONGBLOED,Ruud KROL,Ruud GULLIT,Ronald KOEMAN,V. BRONCKHORST,STEKELENBURG,V. PERSIE,CILLESSEN,VORM,KRUL,SABELLA Alejandro (ARG),Ruben NAVARRO,Miguel BRINDISI,Daniel PASSARELLA,Diego MARADONA,Sergio GOYCOCHEA,Diego SIMEONE,Carlos ROA,VERON,BATISTUTA,MASCHERANO,MESSI,74,85,71,71,94,85,75,85,81,79,77,78,78,80,86,90,86,76,67,65,83,93
2014.0,12 Jul 2014 - 17:00 ,Play-off for third place,Brazil,0.0,3.0,Netherlands,68034.0,0.0,2.0,HAIMOUDI Djamel (ALG),ACHIK Redouane (MAR),ETCHIALI Abdelhak (ALG),BRA,NED,SCOLARI Luiz Felipe (BRA),LEONIDAS,CARLOS ALBERTO,WILSON PIAZZA,WALDIR PERES,EDINHO,RICARDO GOMES,RAI,DUNGA,CAFU,R. CENI,T SILVA,Louis VAN GAAL (NED),Johan CRUYFF,Piet SCHRIJVERS,Jan JONGBLOED,Ruud KROL,Ruud GULLIT,Ronald KOEMAN,V. BRONCKHORST,STEKELENBURG,V. PERSIE,CILLESSEN,KRUL,65,77,76,78,73,82,77,65,65,91,94,74,75,85,71,71,94,85,75,85,81,77
2014.0,13 Jul 2014 - 16:00 ,Final,Germany,1.0,0.0,Argentina,74738.0,0.0,0.0,Nicola RIZZOLI (ITA),Renato FAVERANI (ITA),Andrea STEFANI (ITA),GER,ARG,LOEW Joachim (GER),MATTH�US,Juergen KLINSMANN,KAHN,SCHNEIDER,BALLACK,LAHM,LOEW Joachim (GER),Juergen KLINSMANN,KAHN,LAHM,KAHN,SABELLA Alejandro (ARG),Antonio RATTIN,Roberto PERFUMO,Nery PUMPIDO,Sergio GOYCOCHEA,Oscar RUGGERI,Diego SIMEONE,Carlos ROA,VERON,BATISTUTA,MASCHERANO,MESSI,65,61,65,83,65,65,65,61,65,65,65,80,83,65,90,83,86,76,67,65,83,93
